Name,Ph,R1,R2,R3,El1,El2,El3,M1,M2,M3,Ei1,Ei2,Ei3,Nd
VS2,1,205,100,100,1.63,2.58,2.58,50.94,32.06,32.06,6.7462,10.36,10.36,3
VSe2,1,205,120,120,1.63,2.55,2.55,50.94,78.96,78.96,6.7462,9.7524,9.7524,3
VTe2,1,205,140,140,1.63,2.1,2.1,50.94,127.6,127.6,6.7462,9,9,3
VSSe,1,205,100,120,1.63,2.58,2.55,50.94,32.06,78.96,6.7462,10.36,9.7524,3
VSTe,1,205,100,140,1.63,2.58,2.1,50.94,32.06,127.6,6.7462,10.36,9,3
VSeTe,1,205,120,140,1.63,2.55,2.1,50.94,78.96,127.6,6.7462,9.7524,9,3
VI2,1,205,198,198,1.63,2.66,2.66,50.94,126.9,126.9,6.7462,10.451,10.451,3
VBr2,1,205,185,185,1.63,2.96,2.96,50.94,79.904,79.904,6.7462,11.8138,11.8138,3
VCl2,1,205,175,175,1.63,3.16,3.16,50.94,35.453,35.453,6.7462,12.968,12.968,3
VClBr,1,205,175,185,1.63,3.16,2.96,50.94,35.453,79.904,6.7462,12.968,11.8138,3
VClI,1,205,175,198,1.63,3.16,2.66,50.94,35.453,126.9,6.7462,12.968,10.451,3
VBrI,1,205,185,198,1.63,2.96,2.66,50.94,79.904,126.9,6.7462,11.8138,10.451,3
VSCl,1,205,100,175,1.63,2.58,3.16,50.94,32.06,35.453,6.7462,10.36,12.968,3
VSBr,1,205,100,185,1.63,2.58,2.96,50.94,32.06,79.904,6.7462,10.36,11.8138,3
VSI,1,205,100,198,1.63,2.58,2.66,50.94,32.06,126.9,6.7462,10.36,10.451,3
VSeCl,1,205,120,175,1.63,2.55,3.16,50.94,78.96,35.453,6.7462,9.7524,12.968,3
VSeBr,1,205,120,185,1.63,2.55,2.96,50.94,78.96,79.904,6.7462,9.7524,11.8138,3
VSeI,1,205,120,198,1.63,2.55,2.66,50.94,78.96,126.9,6.7462,9.7524,10.451,3
VTeCl,1,205,140,175,1.63,2.1,3.16,50.94,127.6,35.453,6.7462,9,12.968,3
VTeBr,1,205,140,185,1.63,2.1,2.96,50.94,127.6,79.904,6.7462,9,11.8138,3
VTeI,1,205,140,198,1.63,2.1,2.66,50.94,127.6,126.9,6.7462,9,10.451,3
VO2,1,205,60,60,1.63,3.44,3.44,50.94,16,16,6.7462,13.618,13.618,3
VSO,1,205,100,60,1.63,2.58,3.44,50.94,32.06,16,6.7462,10.36,13.618,3
VSeO,1,205,120,60,1.63,2.55,3.44,50.94,78.96,16,6.7462,9.7524,13.618,3
VTeO,1,205,140,60,1.63,2.1,3.44,50.94,127.6,16,6.7462,9,13.618,3
VClO,1,205,175,60,1.63,3.16,3.44,50.94,35.453,16,6.7462,12.968,13.618,3
VBrO,1,205,185,60,1.63,2.96,3.44,50.94,79.904,16,6.7462,11.8138,13.618,3
VIO,1,205,198,60,1.63,2.66,3.44,50.94,126.9,16,6.7462,10.451,13.618,3
MnS2,1,127,100,100,1.55,2.58,2.58,54.938,32.06,32.06,7.434,10.36,10.36,5
MnSe2,1,127,120,120,1.55,2.55,2.55,54.938,78.96,78.96,7.434,9.7524,9.7524,5
MnTe2,1,127,140,140,1.55,2.1,2.1,54.938,127.6,127.6,7.434,9,9,5
MnSSe,1,127,100,120,1.55,2.58,2.55,54.938,32.06,78.96,7.434,10.36,9.7524,5
MnSTe,1,127,100,140,1.55,2.58,2.1,54.938,32.06,127.6,7.434,10.36,9,5
MnSeTe,1,127,120,140,1.55,2.55,2.1,54.938,78.96,127.6,7.434,9.7524,9,5
MnI2,1,127,198,198,1.55,2.66,2.66,54.938,126.9,126.9,7.434,10.451,10.451,5
MnBr2,1,127,185,185,1.55,2.96,2.96,54.938,79.904,79.904,7.434,11.8138,11.8138,5
MnCl2,1,127,175,175,1.55,3.16,3.16,54.938,35.453,35.453,7.434,12.968,12.968,5
MnClBr,1,127,175,185,1.55,3.16,2.96,54.938,35.453,79.904,7.434,12.968,11.8138,5
MnClI,1,127,175,198,1.55,3.16,2.66,54.938,35.453,126.9,7.434,12.968,10.451,5
MnBrI,1,127,185,198,1.55,2.96,2.66,54.938,79.904,126.9,7.434,11.8138,10.451,5
MnSCl,1,127,100,175,1.55,2.58,3.16,54.938,32.06,35.453,7.434,10.36,12.968,5
MnSBr,1,127,100,185,1.55,2.58,2.96,54.938,32.06,79.904,7.434,10.36,11.8138,5
MnSI,1,127,100,198,1.55,2.58,2.66,54.938,32.06,126.9,7.434,10.36,10.451,5
MnSeCl,1,127,120,175,1.55,2.55,3.16,54.938,78.96,35.453,7.434,9.7524,12.968,5
MnSeBr,1,127,120,185,1.55,2.55,2.96,54.938,78.96,79.904,7.434,9.7524,11.8138,5
MnSeI,1,127,120,198,1.55,2.55,2.66,54.938,78.96,126.9,7.434,9.7524,10.451,5
MnTeCl,1,127,140,175,1.55,2.1,3.16,54.938,127.6,35.453,7.434,9,12.968,5
MnTeBr,1,127,140,185,1.55,2.1,2.96,54.938,127.6,79.904,7.434,9,11.8138,5
MnTeI,1,127,140,198,1.55,2.1,2.66,54.938,127.6,126.9,7.434,9,10.451,5
MnO2,1,127,60,60,1.55,3.44,3.44,54.938,16,16,7.434,13.618,13.618,5
MnSO,1,127,100,60,1.55,2.58,3.44,54.938,32.06,16,7.434,10.36,13.618,5
MnSeO,1,127,120,60,1.55,2.55,3.44,54.938,78.96,16,7.434,9.7524,13.618,5
MnTeO,1,127,140,60,1.55,2.1,3.44,54.938,127.6,16,7.434,9,13.618,5
MnClO,1,127,175,60,1.55,3.16,3.44,54.938,35.453,16,7.434,12.968,13.618,5
MnBrO,1,127,185,60,1.55,2.96,3.44,54.938,79.904,16,7.434,11.8138,13.618,5
MnIO,1,127,198,60,1.55,2.66,3.44,54.938,126.9,16,7.434,10.451,13.618,5
CrS2,1,200,100,100,1.66,2.58,2.58,52,32.06,32.06,6.7665,10.36,10.36,5
CrSe2,1,200,120,120,1.66,2.55,2.55,52,78.96,78.96,6.7665,9.7524,9.7524,5
CrTe2,1,200,140,140,1.66,2.1,2.1,52,127.6,127.6,6.7665,9,9,5
CrSSe,1,200,100,120,1.66,2.58,2.55,52,32.06,78.96,6.7665,10.36,9.7524,5
CrSTe,1,200,100,140,1.66,2.58,2.1,52,32.06,127.6,6.7665,10.36,9,5
CrSeTe,1,200,120,140,1.66,2.55,2.1,52,78.96,127.6,6.7665,9.7524,9,5
CrI2,1,200,198,198,1.66,2.66,2.66,52,126.9,126.9,6.7665,10.451,10.451,5
CrBr2,1,200,185,185,1.66,2.96,2.96,52,79.904,79.904,6.7665,11.8138,11.8138,5
CrCl2,1,200,175,175,1.66,3.16,3.16,52,35.453,35.453,6.7665,12.968,12.968,5
CrClBr,1,200,175,185,1.66,3.16,2.96,52,35.453,79.904,6.7665,12.968,11.8138,5
CrClI,1,200,175,198,1.66,3.16,2.66,52,35.453,126.9,6.7665,12.968,10.451,5
CrBrI,1,200,185,198,1.66,2.96,2.66,52,79.904,126.9,6.7665,11.8138,10.451,5
CrSCl,1,200,100,175,1.66,2.58,3.16,52,32.06,35.453,6.7665,10.36,12.968,5
CrSBr,1,200,100,185,1.66,2.58,2.96,52,32.06,79.904,6.7665,10.36,11.8138,5
CrSI,1,200,100,198,1.66,2.58,2.66,52,32.06,126.9,6.7665,10.36,10.451,5
CrSeCl,1,200,120,175,1.66,2.55,3.16,52,78.96,35.453,6.7665,9.7524,12.968,5
CrSeBr,1,200,120,185,1.66,2.55,2.96,52,78.96,79.904,6.7665,9.7524,11.8138,5
CrSeI,1,200,120,198,1.66,2.55,2.66,52,78.96,126.9,6.7665,9.7524,10.451,5
CrTeCl,1,200,140,175,1.66,2.1,3.16,52,127.6,35.453,6.7665,9,12.968,5
CrTeBr,1,200,140,185,1.66,2.1,2.96,52,127.6,79.904,6.7665,9,11.8138,5
CrTeI,1,200,140,198,1.66,2.1,2.66,52,127.6,126.9,6.7665,9,10.451,5
CrO2,1,200,60,60,1.66,3.44,3.44,52,16,16,6.7665,13.618,13.618,5
CrSO,1,200,100,60,1.66,2.58,3.44,52,32.06,16,6.7665,10.36,13.618,5
CrSeO,1,200,120,60,1.66,2.55,3.44,52,78.96,16,6.7665,9.7524,13.618,5
CrTeO,1,200,140,60,1.66,2.1,3.44,52,127.6,16,6.7665,9,13.618,5
CrClO,1,200,175,60,1.66,3.16,3.44,52,35.453,16,6.7665,12.968,13.618,5
CrBrO,1,200,185,60,1.66,2.96,3.44,52,79.904,16,6.7665,11.8138,13.618,5
CrIO,1,200,198,60,1.66,2.66,3.44,52,126.9,16,6.7665,10.451,13.618,5
FeS2,1,126,100,100,1.83,2.58,2.58,55.845,32.06,32.06,7.902,10.36,10.36,6
FeSe2,1,126,120,120,1.83,2.55,2.55,55.845,78.96,78.96,7.902,9.7524,9.7524,6
FeTe2,1,126,140,140,1.83,2.1,2.1,55.845,127.6,127.6,7.902,9,9,6
FeSSe,1,126,100,120,1.83,2.58,2.55,55.845,32.06,78.96,7.902,10.36,9.7524,6
FeSTe,1,126,100,140,1.83,2.58,2.1,55.845,32.06,127.6,7.902,10.36,9,6
FeSeTe,1,126,120,140,1.83,2.55,2.1,55.845,78.96,127.6,7.902,9.7524,9,6
FeI2,1,126,198,198,1.83,2.66,2.66,55.845,126.9,126.9,7.902,10.451,10.451,6
FeBr2,1,126,185,185,1.83,2.96,2.96,55.845,79.904,79.904,7.902,11.8138,11.8138,6
FeCl2,1,126,175,175,1.83,3.16,3.16,55.845,35.453,35.453,7.902,12.968,12.968,6
FeClBr,1,126,175,185,1.83,3.16,2.96,55.845,35.453,79.904,7.902,12.968,11.8138,6
FeClI,1,126,175,198,1.83,3.16,2.66,55.845,35.453,126.9,7.902,12.968,10.451,6
FeBrI,1,126,185,198,1.83,2.96,2.66,55.845,79.904,126.9,7.902,11.8138,10.451,6
FeSCl,1,126,100,175,1.83,2.58,3.16,55.845,32.06,35.453,7.902,10.36,12.968,6
FeSBr,1,126,100,185,1.83,2.58,2.96,55.845,32.06,79.904,7.902,10.36,11.8138,6
FeSI,1,126,100,198,1.83,2.58,2.66,55.845,32.06,126.9,7.902,10.36,10.451,6
FeSeCl,1,126,120,175,1.83,2.55,3.16,55.845,78.96,35.453,7.902,9.7524,12.968,6
FeSeBr,1,126,120,185,1.83,2.55,2.96,55.845,78.96,79.904,7.902,9.7524,11.8138,6
FeSeI,1,126,120,198,1.83,2.55,2.66,55.845,78.96,126.9,7.902,9.7524,10.451,6
FeTeCl,1,126,140,175,1.83,2.1,3.16,55.845,127.6,35.453,7.902,9,12.968,6
FeTeBr,1,126,140,185,1.83,2.1,2.96,55.845,127.6,79.904,7.902,9,11.8138,6
FeTeI,1,126,140,198,1.83,2.1,2.66,55.845,127.6,126.9,7.902,9,10.451,6
FeO2,1,126,60,60,1.83,3.44,3.44,55.845,16,16,7.902,13.618,13.618,6
FeSO,1,126,100,60,1.83,2.58,3.44,55.845,32.06,16,7.902,10.36,13.618,6
FeSeO,1,126,120,60,1.83,2.55,3.44,55.845,78.96,16,7.902,9.7524,13.618,6
FeTeO,1,126,140,60,1.83,2.1,3.44,55.845,127.6,16,7.902,9,13.618,6
FeClO,1,126,175,60,1.83,3.16,3.44,55.845,35.453,16,7.902,12.968,13.618,6
FeBrO,1,126,185,60,1.83,2.96,3.44,55.845,79.904,16,7.902,11.8138,13.618,6
FeIO,1,126,198,60,1.83,2.66,3.44,55.845,126.9,16,7.902,10.451,13.618,6
CoS2,1,200,100,100,1.88,2.58,2.58,58.933,32.06,32.06,7.881,10.36,10.36,7
CoSe2,1,200,120,120,1.88,2.55,2.55,58.933,78.96,78.96,7.881,9.7524,9.7524,7
CoTe2,1,200,140,140,1.88,2.1,2.1,58.933,127.6,127.6,7.881,9,9,7
CoSSe,1,200,100,120,1.88,2.58,2.55,58.933,32.06,78.96,7.881,10.36,9.7524,7
CoSTe,1,200,100,140,1.88,2.58,2.1,58.933,32.06,127.6,7.881,10.36,9,7
CoSeTe,1,200,120,140,1.88,2.55,2.1,58.933,78.96,127.6,7.881,9.7524,9,7
CoI2,1,200,198,198,1.88,2.66,2.66,58.933,126.9,126.9,7.881,10.451,10.451,7
CoBr2,1,200,185,185,1.88,2.96,2.96,58.933,79.904,79.904,7.881,11.8138,11.8138,7
CoCl2,1,200,175,175,1.88,3.16,3.16,58.933,35.453,35.453,7.881,12.968,12.968,7
CoClBr,1,200,175,185,1.88,3.16,2.96,58.933,35.453,79.904,7.881,12.968,11.8138,7
CoClI,1,200,175,198,1.88,3.16,2.66,58.933,35.453,126.9,7.881,12.968,10.451,7
CoBrI,1,200,185,198,1.88,2.96,2.66,58.933,79.904,126.9,7.881,11.8138,10.451,7
CoSCl,1,200,100,175,1.88,2.58,3.16,58.933,32.06,35.453,7.881,10.36,12.968,7
CoSBr,1,200,100,185,1.88,2.58,2.96,58.933,32.06,79.904,7.881,10.36,11.8138,7
CoSI,1,200,100,198,1.88,2.58,2.66,58.933,32.06,126.9,7.881,10.36,10.451,7
CoSeCl,1,200,120,175,1.88,2.55,3.16,58.933,78.96,35.453,7.881,9.7524,12.968,7
CoSeBr,1,200,120,185,1.88,2.55,2.96,58.933,78.96,79.904,7.881,9.7524,11.8138,7
CoSeI,1,200,120,198,1.88,2.55,2.66,58.933,78.96,126.9,7.881,9.7524,10.451,7
CoTeCl,1,200,140,175,1.88,2.1,3.16,58.933,127.6,35.453,7.881,9,12.968,7
CoTeBr,1,200,140,185,1.88,2.1,2.96,58.933,127.6,79.904,7.881,9,11.8138,7
CoTeI,1,200,140,198,1.88,2.1,2.66,58.933,127.6,126.9,7.881,9,10.451,7
CoO2,1,200,60,60,1.88,3.44,3.44,58.933,16,16,7.881,13.618,13.618,7
CoSO,1,200,100,60,1.88,2.58,3.44,58.933,32.06,16,7.881,10.36,13.618,7
CoSeO,1,200,120,60,1.88,2.55,3.44,58.933,78.96,16,7.881,9.7524,13.618,7
CoTeO,1,200,140,60,1.88,2.1,3.44,58.933,127.6,16,7.881,9,13.618,7
CoClO,1,200,175,60,1.88,3.16,3.44,58.933,35.453,16,7.881,12.968,13.618,7
CoBrO,1,200,185,60,1.88,2.96,3.44,58.933,79.904,16,7.881,11.8138,13.618,7
CoIO,1,200,198,60,1.88,2.66,3.44,58.933,126.9,16,7.881,10.451,13.618,7
NiS2,1,163,100,100,1.91,2.58,2.58,58.693,32.06,32.06,7.64,10.36,10.36,8
NiSe2,1,163,120,120,1.91,2.55,2.55,58.693,78.96,78.96,7.64,9.7524,9.7524,8
NiTe2,1,163,140,140,1.91,2.1,2.1,58.693,127.6,127.6,7.64,9,9,8
NiSSe,1,163,100,120,1.91,2.58,2.55,58.693,32.06,78.96,7.64,10.36,9.7524,8
NiSTe,1,163,100,140,1.91,2.58,2.1,58.693,32.06,127.6,7.64,10.36,9,8
NiSeTe,1,163,120,140,1.91,2.55,2.1,58.693,78.96,127.6,7.64,9.7524,9,8
NiI2,1,163,198,198,1.91,2.66,2.66,58.693,126.9,126.9,7.64,10.451,10.451,8
NiBr2,1,163,185,185,1.91,2.96,2.96,58.693,79.904,79.904,7.64,11.8138,11.8138,8
NiCl2,1,163,175,175,1.91,3.16,3.16,58.693,35.453,35.453,7.64,12.968,12.968,8
NiClBr,1,163,175,185,1.91,3.16,2.96,58.693,35.453,79.904,7.64,12.968,11.8138,8
NiClI,1,163,175,198,1.91,3.16,2.66,58.693,35.453,126.9,7.64,12.968,10.451,8
NiBrI,1,163,185,198,1.91,2.96,2.66,58.693,79.904,126.9,7.64,11.8138,10.451,8
NiSCl,1,163,100,175,1.91,2.58,3.16,58.693,32.06,35.453,7.64,10.36,12.968,8
NiSBr,1,163,100,185,1.91,2.58,2.96,58.693,32.06,79.904,7.64,10.36,11.8138,8
NiSI,1,163,100,198,1.91,2.58,2.66,58.693,32.06,126.9,7.64,10.36,10.451,8
NiSeCl,1,163,120,175,1.91,2.55,3.16,58.693,78.96,35.453,7.64,9.7524,12.968,8
NiSeBr,1,163,120,185,1.91,2.55,2.96,58.693,78.96,79.904,7.64,9.7524,11.8138,8
NiSeI,1,163,120,198,1.91,2.55,2.66,58.693,78.96,126.9,7.64,9.7524,10.451,8
NiTeCl,1,163,140,175,1.91,2.1,3.16,58.693,127.6,35.453,7.64,9,12.968,8
NiTeBr,1,163,140,185,1.91,2.1,2.96,58.693,127.6,79.904,7.64,9,11.8138,8
NiTeI,1,163,140,198,1.91,2.1,2.66,58.693,127.6,126.9,7.64,9,10.451,8
NiO2,1,163,60,60,1.91,3.44,3.44,58.693,16,16,7.64,13.618,13.618,8
NiSO,1,163,100,60,1.91,2.58,3.44,58.693,32.06,16,7.64,10.36,13.618,8
NiSeO,1,163,120,60,1.91,2.55,3.44,58.693,78.96,16,7.64,9.7524,13.618,8
NiTeO,1,163,140,60,1.91,2.1,3.44,58.693,127.6,16,7.64,9,13.618,8
NiClO,1,163,175,60,1.91,3.16,3.44,58.693,35.453,16,7.64,12.968,13.618,8
NiBrO,1,163,185,60,1.91,2.96,3.44,58.693,79.904,16,7.64,11.8138,13.618,8
NiIO,1,163,198,60,1.91,2.66,3.44,58.693,126.9,16,7.64,10.451,13.618,8
NbS2,1,215,100,100,1.6,2.58,2.58,92.906,32.06,32.06,6.7589,10.36,10.36,4
NbSe2,1,215,120,120,1.6,2.55,2.55,92.906,78.96,78.96,6.7589,9.7524,9.7524,4
NbTe2,1,215,140,140,1.6,2.1,2.1,92.906,127.6,127.6,6.7589,9,9,4
NbSSe,1,215,100,120,1.6,2.58,2.55,92.906,32.06,78.96,6.7589,10.36,9.7524,4
NbSTe,1,215,100,140,1.6,2.58,2.1,92.906,32.06,127.6,6.7589,10.36,9,4
NbSeTe,1,215,120,140,1.6,2.55,2.1,92.906,78.96,127.6,6.7589,9.7524,9,4
NbI2,1,215,198,198,1.6,2.66,2.66,92.906,126.9,126.9,6.7589,10.451,10.451,4
NbBr2,1,215,185,185,1.6,2.96,2.96,92.906,79.904,79.904,6.7589,11.8138,11.8138,4
NbCl2,1,215,175,175,1.6,3.16,3.16,92.906,35.453,35.453,6.7589,12.968,12.968,4
NbClBr,1,215,175,185,1.6,3.16,2.96,92.906,35.453,79.904,6.7589,12.968,11.8138,4
NbClI,1,215,175,198,1.6,3.16,2.66,92.906,35.453,126.9,6.7589,12.968,10.451,4
NbBrI,1,215,185,198,1.6,2.96,2.66,92.906,79.904,126.9,6.7589,11.8138,10.451,4
NbSCl,1,215,100,175,1.6,2.58,3.16,92.906,32.06,35.453,6.7589,10.36,12.968,4
NbSBr,1,215,100,185,1.6,2.58,2.96,92.906,32.06,79.904,6.7589,10.36,11.8138,4
NbSI,1,215,100,198,1.6,2.58,2.66,92.906,32.06,126.9,6.7589,10.36,10.451,4
NbSeCl,1,215,120,175,1.6,2.55,3.16,92.906,78.96,35.453,6.7589,9.7524,12.968,4
NbSeBr,1,215,120,185,1.6,2.55,2.96,92.906,78.96,79.904,6.7589,9.7524,11.8138,4
NbSeI,1,215,120,198,1.6,2.55,2.66,92.906,78.96,126.9,6.7589,9.7524,10.451,4
NbTeCl,1,215,140,175,1.6,2.1,3.16,92.906,127.6,35.453,6.7589,9,12.968,4
NbTeBr,1,215,140,185,1.6,2.1,2.96,92.906,127.6,79.904,6.7589,9,11.8138,4
NbTeI,1,215,140,198,1.6,2.1,2.66,92.906,127.6,126.9,6.7589,9,10.451,4
NbO2,1,215,60,60,1.6,3.44,3.44,92.906,16,16,6.7589,13.618,13.618,4
NbSO,1,215,100,60,1.6,2.58,3.44,92.906,32.06,16,6.7589,10.36,13.618,4
NbSeO,1,215,120,60,1.6,2.55,3.44,92.906,78.96,16,6.7589,9.7524,13.618,4
NbTeO,1,215,140,60,1.6,2.1,3.44,92.906,127.6,16,6.7589,9,13.618,4
NbClO,1,215,175,60,1.6,3.16,3.44,92.906,35.453,16,6.7589,12.968,13.618,4
NbBrO,1,215,185,60,1.6,2.96,3.44,92.906,79.904,16,6.7589,11.8138,13.618,4
NbIO,1,215,198,60,1.6,2.66,3.44,92.906,126.9,16,6.7589,10.451,13.618,4
VS2,0,205,100,100,1.63,2.58,2.58,50.94,32.06,32.06,6.7462,10.36,10.36,3
VSe2,0,205,120,120,1.63,2.55,2.55,50.94,78.96,78.96,6.7462,9.7524,9.7524,3
VTe2,0,205,140,140,1.63,2.1,2.1,50.94,127.6,127.6,6.7462,9,9,3
VSSe,0,205,100,120,1.63,2.58,2.55,50.94,32.06,78.96,6.7462,10.36,9.7524,3
VSTe,0,205,100,140,1.63,2.58,2.1,50.94,32.06,127.6,6.7462,10.36,9,3
VSeTe,0,205,120,140,1.63,2.55,2.1,50.94,78.96,127.6,6.7462,9.7524,9,3
VI2,0,205,198,198,1.63,2.66,2.66,50.94,126.9,126.9,6.7462,10.451,10.451,3
VBr2,0,205,185,185,1.63,2.96,2.96,50.94,79.904,79.904,6.7462,11.8138,11.8138,3
VCl2,0,205,175,175,1.63,3.16,3.16,50.94,35.453,35.453,6.7462,12.968,12.968,3
VClBr,0,205,175,185,1.63,3.16,2.96,50.94,35.453,79.904,6.7462,12.968,11.8138,3
VClI,0,205,175,198,1.63,3.16,2.66,50.94,35.453,126.9,6.7462,12.968,10.451,3
VBrI,0,205,185,198,1.63,2.96,2.66,50.94,79.904,126.9,6.7462,11.8138,10.451,3
VSCl,0,205,100,175,1.63,2.58,3.16,50.94,32.06,35.453,6.7462,10.36,12.968,3
VSBr,0,205,100,185,1.63,2.58,2.96,50.94,32.06,79.904,6.7462,10.36,11.8138,3
VSI,0,205,100,198,1.63,2.58,2.66,50.94,32.06,126.9,6.7462,10.36,10.451,3
VSeCl,0,205,120,175,1.63,2.55,3.16,50.94,78.96,35.453,6.7462,9.7524,12.968,3
VSeBr,0,205,120,185,1.63,2.55,2.96,50.94,78.96,79.904,6.7462,9.7524,11.8138,3
VSeI,0,205,120,198,1.63,2.55,2.66,50.94,78.96,126.9,6.7462,9.7524,10.451,3
VTeCl,0,205,140,175,1.63,2.1,3.16,50.94,127.6,35.453,6.7462,9,12.968,3
VTeBr,0,205,140,185,1.63,2.1,2.96,50.94,127.6,79.904,6.7462,9,11.8138,3
VTeI,0,205,140,198,1.63,2.1,2.66,50.94,127.6,126.9,6.7462,9,10.451,3
VO2,0,205,60,60,1.63,3.44,3.44,50.94,16,16,6.7462,13.618,13.618,3
VSO,0,205,100,60,1.63,2.58,3.44,50.94,32.06,16,6.7462,10.36,13.618,3
VSeO,0,205,120,60,1.63,2.55,3.44,50.94,78.96,16,6.7462,9.7524,13.618,3
VTeO,0,205,140,60,1.63,2.1,3.44,50.94,127.6,16,6.7462,9,13.618,3
VClO,0,205,175,60,1.63,3.16,3.44,50.94,35.453,16,6.7462,12.968,13.618,3
VBrO,0,205,185,60,1.63,2.96,3.44,50.94,79.904,16,6.7462,11.8138,13.618,3
VIO,0,205,198,60,1.63,2.66,3.44,50.94,126.9,16,6.7462,10.451,13.618,3
MnS2,0,127,100,100,1.55,2.58,2.58,54.938,32.06,32.06,7.434,10.36,10.36,5
MnSe2,0,127,120,120,1.55,2.55,2.55,54.938,78.96,78.96,7.434,9.7524,9.7524,5
MnTe2,0,127,140,140,1.55,2.1,2.1,54.938,127.6,127.6,7.434,9,9,5
MnSSe,0,127,100,120,1.55,2.58,2.55,54.938,32.06,78.96,7.434,10.36,9.7524,5
MnSTe,0,127,100,140,1.55,2.58,2.1,54.938,32.06,127.6,7.434,10.36,9,5
MnSeTe,0,127,120,140,1.55,2.55,2.1,54.938,78.96,127.6,7.434,9.7524,9,5
MnI2,0,127,198,198,1.55,2.66,2.66,54.938,126.9,126.9,7.434,10.451,10.451,5
MnBr2,0,127,185,185,1.55,2.96,2.96,54.938,79.904,79.904,7.434,11.8138,11.8138,5
MnCl2,0,127,175,175,1.55,3.16,3.16,54.938,35.453,35.453,7.434,12.968,12.968,5
MnClBr,0,127,175,185,1.55,3.16,2.96,54.938,35.453,79.904,7.434,12.968,11.8138,5
MnClI,0,127,175,198,1.55,3.16,2.66,54.938,35.453,126.9,7.434,12.968,10.451,5
MnBrI,0,127,185,198,1.55,2.96,2.66,54.938,79.904,126.9,7.434,11.8138,10.451,5
MnSCl,0,127,100,175,1.55,2.58,3.16,54.938,32.06,35.453,7.434,10.36,12.968,5
MnSBr,0,127,100,185,1.55,2.58,2.96,54.938,32.06,79.904,7.434,10.36,11.8138,5
MnSI,0,127,100,198,1.55,2.58,2.66,54.938,32.06,126.9,7.434,10.36,10.451,5
MnSeCl,0,127,120,175,1.55,2.55,3.16,54.938,78.96,35.453,7.434,9.7524,12.968,5
MnSeBr,0,127,120,185,1.55,2.55,2.96,54.938,78.96,79.904,7.434,9.7524,11.8138,5
MnSeI,0,127,120,198,1.55,2.55,2.66,54.938,78.96,126.9,7.434,9.7524,10.451,5
MnTeCl,0,127,140,175,1.55,2.1,3.16,54.938,127.6,35.453,7.434,9,12.968,5
MnTeBr,0,127,140,185,1.55,2.1,2.96,54.938,127.6,79.904,7.434,9,11.8138,5
MnTeI,0,127,140,198,1.55,2.1,2.66,54.938,127.6,126.9,7.434,9,10.451,5
MnO2,0,127,60,60,1.55,3.44,3.44,54.938,16,16,7.434,13.618,13.618,5
MnSO,0,127,100,60,1.55,2.58,3.44,54.938,32.06,16,7.434,10.36,13.618,5
MnSeO,0,127,120,60,1.55,2.55,3.44,54.938,78.96,16,7.434,9.7524,13.618,5
MnTeO,0,127,140,60,1.55,2.1,3.44,54.938,127.6,16,7.434,9,13.618,5
MnClO,0,127,175,60,1.55,3.16,3.44,54.938,35.453,16,7.434,12.968,13.618,5
MnBrO,0,127,185,60,1.55,2.96,3.44,54.938,79.904,16,7.434,11.8138,13.618,5
MnIO,0,127,198,60,1.55,2.66,3.44,54.938,126.9,16,7.434,10.451,13.618,5
CrS2,0,200,100,100,1.66,2.58,2.58,52,32.06,32.06,6.7665,10.36,10.36,5
CrSe2,0,200,120,120,1.66,2.55,2.55,52,78.96,78.96,6.7665,9.7524,9.7524,5
CrTe2,0,200,140,140,1.66,2.1,2.1,52,127.6,127.6,6.7665,9,9,5
CrSSe,0,200,100,120,1.66,2.58,2.55,52,32.06,78.96,6.7665,10.36,9.7524,5
CrSTe,0,200,100,140,1.66,2.58,2.1,52,32.06,127.6,6.7665,10.36,9,5
CrSeTe,0,200,120,140,1.66,2.55,2.1,52,78.96,127.6,6.7665,9.7524,9,5
CrI2,0,200,198,198,1.66,2.66,2.66,52,126.9,126.9,6.7665,10.451,10.451,5
CrBr2,0,200,185,185,1.66,2.96,2.96,52,79.904,79.904,6.7665,11.8138,11.8138,5
CrCl2,0,200,175,175,1.66,3.16,3.16,52,35.453,35.453,6.7665,12.968,12.968,5
CrClBr,0,200,175,185,1.66,3.16,2.96,52,35.453,79.904,6.7665,12.968,11.8138,5
CrClI,0,200,175,198,1.66,3.16,2.66,52,35.453,126.9,6.7665,12.968,10.451,5
CrBrI,0,200,185,198,1.66,2.96,2.66,52,79.904,126.9,6.7665,11.8138,10.451,5
CrSCl,0,200,100,175,1.66,2.58,3.16,52,32.06,35.453,6.7665,10.36,12.968,5
CrSBr,0,200,100,185,1.66,2.58,2.96,52,32.06,79.904,6.7665,10.36,11.8138,5
CrSI,0,200,100,198,1.66,2.58,2.66,52,32.06,126.9,6.7665,10.36,10.451,5
CrSeCl,0,200,120,175,1.66,2.55,3.16,52,78.96,35.453,6.7665,9.7524,12.968,5
CrSeBr,0,200,120,185,1.66,2.55,2.96,52,78.96,79.904,6.7665,9.7524,11.8138,5
CrSeI,0,200,120,198,1.66,2.55,2.66,52,78.96,126.9,6.7665,9.7524,10.451,5
CrTeCl,0,200,140,175,1.66,2.1,3.16,52,127.6,35.453,6.7665,9,12.968,5
CrTeBr,0,200,140,185,1.66,2.1,2.96,52,127.6,79.904,6.7665,9,11.8138,5
CrTeI,0,200,140,198,1.66,2.1,2.66,52,127.6,126.9,6.7665,9,10.451,5
CrO2,0,200,60,60,1.66,3.44,3.44,52,16,16,6.7665,13.618,13.618,5
CrSO,0,200,100,60,1.66,2.58,3.44,52,32.06,16,6.7665,10.36,13.618,5
CrSeO,0,200,120,60,1.66,2.55,3.44,52,78.96,16,6.7665,9.7524,13.618,5
CrTeO,0,200,140,60,1.66,2.1,3.44,52,127.6,16,6.7665,9,13.618,5
CrClO,0,200,175,60,1.66,3.16,3.44,52,35.453,16,6.7665,12.968,13.618,5
CrBrO,0,200,185,60,1.66,2.96,3.44,52,79.904,16,6.7665,11.8138,13.618,5
CrIO,0,200,198,60,1.66,2.66,3.44,52,126.9,16,6.7665,10.451,13.618,5
FeS2,0,126,100,100,1.83,2.58,2.58,55.845,32.06,32.06,7.902,10.36,10.36,6
FeSe2,0,126,120,120,1.83,2.55,2.55,55.845,78.96,78.96,7.902,9.7524,9.7524,6
FeTe2,0,126,140,140,1.83,2.1,2.1,55.845,127.6,127.6,7.902,9,9,6
FeSSe,0,126,100,120,1.83,2.58,2.55,55.845,32.06,78.96,7.902,10.36,9.7524,6
FeSTe,0,126,100,140,1.83,2.58,2.1,55.845,32.06,127.6,7.902,10.36,9,6
FeSeTe,0,126,120,140,1.83,2.55,2.1,55.845,78.96,127.6,7.902,9.7524,9,6
FeI2,0,126,198,198,1.83,2.66,2.66,55.845,126.9,126.9,7.902,10.451,10.451,6
FeBr2,0,126,185,185,1.83,2.96,2.96,55.845,79.904,79.904,7.902,11.8138,11.8138,6
FeCl2,0,126,175,175,1.83,3.16,3.16,55.845,35.453,35.453,7.902,12.968,12.968,6
FeClBr,0,126,175,185,1.83,3.16,2.96,55.845,35.453,79.904,7.902,12.968,11.8138,6
FeClI,0,126,175,198,1.83,3.16,2.66,55.845,35.453,126.9,7.902,12.968,10.451,6
FeBrI,0,126,185,198,1.83,2.96,2.66,55.845,79.904,126.9,7.902,11.8138,10.451,6
FeSCl,0,126,100,175,1.83,2.58,3.16,55.845,32.06,35.453,7.902,10.36,12.968,6
FeSBr,0,126,100,185,1.83,2.58,2.96,55.845,32.06,79.904,7.902,10.36,11.8138,6
FeSI,0,126,100,198,1.83,2.58,2.66,55.845,32.06,126.9,7.902,10.36,10.451,6
FeSeCl,0,126,120,175,1.83,2.55,3.16,55.845,78.96,35.453,7.902,9.7524,12.968,6
FeSeBr,0,126,120,185,1.83,2.55,2.96,55.845,78.96,79.904,7.902,9.7524,11.8138,6
FeSeI,0,126,120,198,1.83,2.55,2.66,55.845,78.96,126.9,7.902,9.7524,10.451,6
FeTeCl,0,126,140,175,1.83,2.1,3.16,55.845,127.6,35.453,7.902,9,12.968,6
FeTeBr,0,126,140,185,1.83,2.1,2.96,55.845,127.6,79.904,7.902,9,11.8138,6
FeTeI,0,126,140,198,1.83,2.1,2.66,55.845,127.6,126.9,7.902,9,10.451,6
FeO2,0,126,60,60,1.83,3.44,3.44,55.845,16,16,7.902,13.618,13.618,6
FeSO,0,126,100,60,1.83,2.58,3.44,55.845,32.06,16,7.902,10.36,13.618,6
FeSeO,0,126,120,60,1.83,2.55,3.44,55.845,78.96,16,7.902,9.7524,13.618,6
FeTeO,0,126,140,60,1.83,2.1,3.44,55.845,127.6,16,7.902,9,13.618,6
FeClO,0,126,175,60,1.83,3.16,3.44,55.845,35.453,16,7.902,12.968,13.618,6
FeBrO,0,126,185,60,1.83,2.96,3.44,55.845,79.904,16,7.902,11.8138,13.618,6
FeIO,0,126,198,60,1.83,2.66,3.44,55.845,126.9,16,7.902,10.451,13.618,6
CoS2,0,200,100,100,1.88,2.58,2.58,58.933,32.06,32.06,7.881,10.36,10.36,7
CoSe2,0,200,120,120,1.88,2.55,2.55,58.933,78.96,78.96,7.881,9.7524,9.7524,7
CoTe2,0,200,140,140,1.88,2.1,2.1,58.933,127.6,127.6,7.881,9,9,7
CoSSe,0,200,100,120,1.88,2.58,2.55,58.933,32.06,78.96,7.881,10.36,9.7524,7
CoSTe,0,200,100,140,1.88,2.58,2.1,58.933,32.06,127.6,7.881,10.36,9,7
CoSeTe,0,200,120,140,1.88,2.55,2.1,58.933,78.96,127.6,7.881,9.7524,9,7
CoI2,0,200,198,198,1.88,2.66,2.66,58.933,126.9,126.9,7.881,10.451,10.451,7
CoBr2,0,200,185,185,1.88,2.96,2.96,58.933,79.904,79.904,7.881,11.8138,11.8138,7
CoCl2,0,200,175,175,1.88,3.16,3.16,58.933,35.453,35.453,7.881,12.968,12.968,7
CoClBr,0,200,175,185,1.88,3.16,2.96,58.933,35.453,79.904,7.881,12.968,11.8138,7
CoClI,0,200,175,198,1.88,3.16,2.66,58.933,35.453,126.9,7.881,12.968,10.451,7
CoBrI,0,200,185,198,1.88,2.96,2.66,58.933,79.904,126.9,7.881,11.8138,10.451,7
CoSCl,0,200,100,175,1.88,2.58,3.16,58.933,32.06,35.453,7.881,10.36,12.968,7
CoSBr,0,200,100,185,1.88,2.58,2.96,58.933,32.06,79.904,7.881,10.36,11.8138,7
CoSI,0,200,100,198,1.88,2.58,2.66,58.933,32.06,126.9,7.881,10.36,10.451,7
CoSeCl,0,200,120,175,1.88,2.55,3.16,58.933,78.96,35.453,7.881,9.7524,12.968,7
CoSeBr,0,200,120,185,1.88,2.55,2.96,58.933,78.96,79.904,7.881,9.7524,11.8138,7
CoSeI,0,200,120,198,1.88,2.55,2.66,58.933,78.96,126.9,7.881,9.7524,10.451,7
CoTeCl,0,200,140,175,1.88,2.1,3.16,58.933,127.6,35.453,7.881,9,12.968,7
CoTeBr,0,200,140,185,1.88,2.1,2.96,58.933,127.6,79.904,7.881,9,11.8138,7
CoTeI,0,200,140,198,1.88,2.1,2.66,58.933,127.6,126.9,7.881,9,10.451,7
CoO2,0,200,60,60,1.88,3.44,3.44,58.933,16,16,7.881,13.618,13.618,7
CoSO,0,200,100,60,1.88,2.58,3.44,58.933,32.06,16,7.881,10.36,13.618,7
CoSeO,0,200,120,60,1.88,2.55,3.44,58.933,78.96,16,7.881,9.7524,13.618,7
CoTeO,0,200,140,60,1.88,2.1,3.44,58.933,127.6,16,7.881,9,13.618,7
CoClO,0,200,175,60,1.88,3.16,3.44,58.933,35.453,16,7.881,12.968,13.618,7
CoBrO,0,200,185,60,1.88,2.96,3.44,58.933,79.904,16,7.881,11.8138,13.618,7
CoIO,0,200,198,60,1.88,2.66,3.44,58.933,126.9,16,7.881,10.451,13.618,7
NiS2,0,163,100,100,1.91,2.58,2.58,58.693,32.06,32.06,7.64,10.36,10.36,8
NiSe2,0,163,120,120,1.91,2.55,2.55,58.693,78.96,78.96,7.64,9.7524,9.7524,8
NiTe2,0,163,140,140,1.91,2.1,2.1,58.693,127.6,127.6,7.64,9,9,8
NiSSe,0,163,100,120,1.91,2.58,2.55,58.693,32.06,78.96,7.64,10.36,9.7524,8
NiSTe,0,163,100,140,1.91,2.58,2.1,58.693,32.06,127.6,7.64,10.36,9,8
NiSeTe,0,163,120,140,1.91,2.55,2.1,58.693,78.96,127.6,7.64,9.7524,9,8
NiI2,0,163,198,198,1.91,2.66,2.66,58.693,126.9,126.9,7.64,10.451,10.451,8
NiBr2,0,163,185,185,1.91,2.96,2.96,58.693,79.904,79.904,7.64,11.8138,11.8138,8
NiCl2,0,163,175,175,1.91,3.16,3.16,58.693,35.453,35.453,7.64,12.968,12.968,8
NiClBr,0,163,175,185,1.91,3.16,2.96,58.693,35.453,79.904,7.64,12.968,11.8138,8
NiClI,0,163,175,198,1.91,3.16,2.66,58.693,35.453,126.9,7.64,12.968,10.451,8
NiBrI,0,163,185,198,1.91,2.96,2.66,58.693,79.904,126.9,7.64,11.8138,10.451,8
NiSCl,0,163,100,175,1.91,2.58,3.16,58.693,32.06,35.453,7.64,10.36,12.968,8
NiSBr,0,163,100,185,1.91,2.58,2.96,58.693,32.06,79.904,7.64,10.36,11.8138,8
NiSI,0,163,100,198,1.91,2.58,2.66,58.693,32.06,126.9,7.64,10.36,10.451,8
NiSeCl,0,163,120,175,1.91,2.55,3.16,58.693,78.96,35.453,7.64,9.7524,12.968,8
NiSeBr,0,163,120,185,1.91,2.55,2.96,58.693,78.96,79.904,7.64,9.7524,11.8138,8
NiSeI,0,163,120,198,1.91,2.55,2.66,58.693,78.96,126.9,7.64,9.7524,10.451,8
NiTeCl,0,163,140,175,1.91,2.1,3.16,58.693,127.6,35.453,7.64,9,12.968,8
NiTeBr,0,163,140,185,1.91,2.1,2.96,58.693,127.6,79.904,7.64,9,11.8138,8
NiTeI,0,163,140,198,1.91,2.1,2.66,58.693,127.6,126.9,7.64,9,10.451,8
NiO2,0,163,60,60,1.91,3.44,3.44,58.693,16,16,7.64,13.618,13.618,8
NiSO,0,163,100,60,1.91,2.58,3.44,58.693,32.06,16,7.64,10.36,13.618,8
NiSeO,0,163,120,60,1.91,2.55,3.44,58.693,78.96,16,7.64,9.7524,13.618,8
NiTeO,0,163,140,60,1.91,2.1,3.44,58.693,127.6,16,7.64,9,13.618,8
NiClO,0,163,175,60,1.91,3.16,3.44,58.693,35.453,16,7.64,12.968,13.618,8
NiBrO,0,163,185,60,1.91,2.96,3.44,58.693,79.904,16,7.64,11.8138,13.618,8
NiIO,0,163,198,60,1.91,2.66,3.44,58.693,126.9,16,7.64,10.451,13.618,8
NbS2,0,215,100,100,1.6,2.58,2.58,92.906,32.06,32.06,6.7589,10.36,10.36,4
NbSe2,0,215,120,120,1.6,2.55,2.55,92.906,78.96,78.96,6.7589,9.7524,9.7524,4
NbTe2,0,215,140,140,1.6,2.1,2.1,92.906,127.6,127.6,6.7589,9,9,4
NbSSe,0,215,100,120,1.6,2.58,2.55,92.906,32.06,78.96,6.7589,10.36,9.7524,4
NbSTe,0,215,100,140,1.6,2.58,2.1,92.906,32.06,127.6,6.7589,10.36,9,4
NbSeTe,0,215,120,140,1.6,2.55,2.1,92.906,78.96,127.6,6.7589,9.7524,9,4
NbI2,0,215,198,198,1.6,2.66,2.66,92.906,126.9,126.9,6.7589,10.451,10.451,4
NbBr2,0,215,185,185,1.6,2.96,2.96,92.906,79.904,79.904,6.7589,11.8138,11.8138,4
NbCl2,0,215,175,175,1.6,3.16,3.16,92.906,35.453,35.453,6.7589,12.968,12.968,4
NbClBr,0,215,175,185,1.6,3.16,2.96,92.906,35.453,79.904,6.7589,12.968,11.8138,4
NbClI,0,215,175,198,1.6,3.16,2.66,92.906,35.453,126.9,6.7589,12.968,10.451,4
NbBrI,0,215,185,198,1.6,2.96,2.66,92.906,79.904,126.9,6.7589,11.8138,10.451,4
NbSCl,0,215,100,175,1.6,2.58,3.16,92.906,32.06,35.453,6.7589,10.36,12.968,4
NbSBr,0,215,100,185,1.6,2.58,2.96,92.906,32.06,79.904,6.7589,10.36,11.8138,4
NbSI,0,215,100,198,1.6,2.58,2.66,92.906,32.06,126.9,6.7589,10.36,10.451,4
NbSeCl,0,215,120,175,1.6,2.55,3.16,92.906,78.96,35.453,6.7589,9.7524,12.968,4
NbSeBr,0,215,120,185,1.6,2.55,2.96,92.906,78.96,79.904,6.7589,9.7524,11.8138,4
NbSeI,0,215,120,198,1.6,2.55,2.66,92.906,78.96,126.9,6.7589,9.7524,10.451,4
NbTeCl,0,215,140,175,1.6,2.1,3.16,92.906,127.6,35.453,6.7589,9,12.968,4
NbTeBr,0,215,140,185,1.6,2.1,2.96,92.906,127.6,79.904,6.7589,9,11.8138,4
NbTeI,0,215,140,198,1.6,2.1,2.66,92.906,127.6,126.9,6.7589,9,10.451,4
NbO2,0,215,60,60,1.6,3.44,3.44,92.906,16,16,6.7589,13.618,13.618,4
NbSO,0,215,100,60,1.6,2.58,3.44,92.906,32.06,16,6.7589,10.36,13.618,4
NbSeO,0,215,120,60,1.6,2.55,3.44,92.906,78.96,16,6.7589,9.7524,13.618,4
NbTeO,0,215,140,60,1.6,2.1,3.44,92.906,127.6,16,6.7589,9,13.618,4
NbClO,0,215,175,60,1.6,3.16,3.44,92.906,35.453,16,6.7589,12.968,13.618,4
NbBrO,0,215,185,60,1.6,2.96,3.44,92.906,79.904,16,6.7589,11.8138,13.618,4
NbIO,0,215,198,60,1.6,2.66,3.44,92.906,126.9,16,6.7589,10.451,13.618,4
