Name,Ph,e1,e2,e3,R1,R2,R3,El1,El2,El3,M1,M2,M3,Ei1,Ei2,Ei3,angle1,angle2,angle3,b1,b2,Uh,Magnetic phase
VSe2,1,5,6,6,205,120,120,1.63,2.55,2.55,50.94,78.96,78.96,6.7462,9.7524,9.7524,79.9193,83.1816,83.1816,2.51244,2.51244,4.28,1
VSSe,1,5,6,6,205,100,120,1.63,2.58,2.55,50.94,32.06,78.96,6.7462,10.36,9.7524,79.138,80.9583,86.5151,2.50257,2.37071,4.27,1
VO2,1,5,6,6,205,60,60,1.63,3.44,3.44,50.94,16,16,6.7462,13.618,13.618,71.1138,89.5853,89.5853,1.94954,1.94953,4.53,1
VSI,1,5,6,7,205,100,198,1.63,2.58,2.66,50.94,32.06,126.9,6.7462,10.36,10.451,75.3782,95.4443,76.9638,2.44322,2.90505,4.06,1
VS2,1,5,6,6,205,100,100,1.63,2.58,2.58,50.94,32.06,32.06,6.7462,10.36,10.36,78.6323,84.1357,84.1359,2.36219,2.36219,4.35,1
VSeCl,1,5,6,7,205,120,175,1.63,2.55,3.16,50.94,78.96,35.453,6.7462,9.7524,12.968,80.9638,80.9511,83.8421,2.45972,2.38983,4.76,0
VSeBr,1,5,6,7,205,120,185,1.63,2.55,2.96,50.94,78.96,79.904,6.7462,9.7524,11.8138,77.2443,87.1053,83.1847,2.58796,2.68618,4.18,0
VTe2,1,5,6,6,205,140,140,1.63,2.1,2.1,50.94,127.6,127.6,6.7462,9,9,91.3801,74.4514,74.4504,2.85828,2.85831,4.34,0
VSTe,1,5,6,6,205,100,140,1.63,2.58,2.1,50.94,32.06,127.6,6.7462,10.36,9,81.7068,72.1772,90.9876,2.87455,2.37419,4.26,1
VSeTe,1,5,6,6,205,120,140,1.63,2.55,2.1,50.94,78.96,127.6,6.7462,9.7524,9,81.7495,87.2749,76.1724,2.52502,2.82485,4.24,1
VS2,0,5,6,6,205,100,100,1.63,2.58,2.58,50.94,32.06,32.06,6.7462,10.36,10.36,96.8299,83.1704,83.1697,2.78314,2.78316,4.5,0
VSe2,0,5,6,6,205,120,120,1.63,2.55,2.55,50.94,78.96,78.96,6.7462,9.7524,9.7524,94.7439,85.2556,85.2565,2.55593,2.55591,4.74,0
VSSe,0,5,6,6,205,100,120,1.63,2.58,2.55,50.94,32.06,78.96,6.7462,10.36,9.7524,93.7307,89.8239,82.5077,2.36708,2.53444,4.66,0
VO2,0,5,6,6,205,60,60,1.63,3.44,3.44,50.94,16,16,6.7462,13.618,13.618,81.5164,98.4831,98.4841,1.94626,1.94624,4.07,1
VSeTe,0,5,6,6,205,120,140,1.63,2.55,2.1,50.94,78.96,127.6,6.7462,9.7524,9,88.7995,90.0989,85.1724,2.21502,2.84085,4.66,1
VSeBr,0,5,6,7,205,120,185,1.63,2.55,2.96,50.94,78.96,79.904,6.7462,9.7524,11.8138,89.5002,94.1448,86.6023,2.51948,2.68987,4.43,1
MnSe2,1,7,6,6,127,120,120,1.55,2.55,2.55,54.938,78.96,78.96,7.434,9.7524,9.7524,74.1066,87.4431,87.4429,2.54328,2.54329,3.52,1
MnS2,1,7,6,6,127,100,100,1.55,2.58,2.58,54.938,32.06,32.06,7.434,10.36,10.36,71.5884,89.2478,89.2488,2.413,2.41298,4.06,0
MnSSe,1,7,6,6,127,100,120,1.55,2.58,2.55,54.938,32.06,78.96,7.434,10.36,9.7524,72.7543,91.5411,85.2095,2.4101,2.55114,3.78,0
MnSeTe,1,7,6,6,127,120,140,1.55,2.55,2.1,54.938,78.96,127.6,7.434,9.7524,9,78.525,89.4327,78.8114,2.53812,2.81316,3.39,0
MnSeO,1,7,2,6,127,120,60,1.55,2.55,3.44,54.938,78.96,16,7.434,9.7524,13.618,75.7145,60.4538,107.6279,3.09088,1.92791,4.06,1
MnTeO,1,7,6,6,127,140,60,1.55,2.1,3.44,54.938,127.6,16,7.434,9,13.618,70.6003,54.2094,115.5602,3.60039,1.93899,3.72,0
MnSCl,1,7,6,7,127,100,175,1.55,2.58,3.16,54.938,32.06,35.453,7.434,10.36,12.968,77.3742,86.8583,83.2451,2.48667,2.57366,4.51,1
MnTeCl,1,7,6,7,127,140,175,1.55,2.1,3.16,54.938,127.6,35.453,7.434,9,12.968,82.2299,74.9162,87.7519,2.89822,2.54313,2.83,0
MnS2,0,7,6,6,127,100,100,1.55,2.58,2.58,54.938,32.06,32.06,7.434,10.36,10.36,87.2263,92.7735,99.7739,2.36954,2.36953,4.16,1
MnSe2,0,7,6,6,127,120,120,1.55,2.55,2.55,54.938,78.96,78.96,7.434,9.7524,9.7524,88.9638,91.0359,91.0365,2.51714,2.51713,4.02,1
MnSSe,0,7,6,6,127,100,120,1.55,2.58,2.55,54.938,32.06,78.96,7.434,10.36,9.7524,87.8577,94.9129,89.2187,2.38604,2.50324,4.07,1
MnSeTe,0,7,6,6,127,120,140,1.55,2.55,2.1,54.938,78.96,127.6,7.434,9.7524,9,91.7754,92.7397,83.347,2.51744,2.74055,3.65,1
MnO2,1,7,6,6,127,60,60,1.55,3.44,3.44,54.938,16,16,7.434,13.618,13.618,67.211,92.3232,92.3195,2.00162,2.00168,3.96,1
MnSeO,0,7,6,6,127,120,60,1.55,2.55,3.44,54.938,78.96,16,7.434,9.7524,13.618,87.6234,69.5276,108.1833,2.77388,1.95276,4.45,0
MnTeO,0,7,6,6,127,140,60,1.55,2.1,3.44,54.938,127.6,16,7.434,9,13.618,84.3244,58.3406,115.5917,3.37802,1.94583,4.34,1
MnTeCl,0,7,6,7,127,140,175,1.55,2.1,3.16,54.938,127.6,35.453,7.434,9,12.968,95.2065,78.1025,90.8795,2.85368,2.52327,2.9,0
MnSCl,0,7,6,7,127,100,175,1.55,2.58,3.16,54.938,32.06,35.453,7.434,10.36,12.968,90.2612,91.7656,87.6384,2.44891,2.53921,4.52,1
CrSeTe,1,6,6,6,200,120,140,1.66,2.55,2.1,52,78.96,127.6,6.7665,9.7524,9,82.2234,88.4137,74.2098,2.48079,2.86723,2.93,1
CrSeCl,1,6,6,7,200,120,175,1.66,2.55,3.16,52,78.96,35.453,6.7665,9.7524,12.968,76.2345,84.7261,87.0606,2.5678,2.51063,3.2,1
CrSeBr,1,6,6,7,200,120,185,1.66,2.55,2.96,52,78.96,79.904,6.7665,9.7524,11.8138,76.3117,82.381,89.5443,2.70682,2.52242,3.12,1
CrTeCl,1,6,6,7,200,140,175,1.66,2.1,3.16,52,127.6,35.453,6.7665,9,12.968,80.9067,87.7027,77.0148,2.55332,2.8411,3.72,1
CrBr2,1,6,7,7,200,185,185,1.66,2.96,2.96,52,79.904,79.904,6.7665,11.8138,11.8138,75.7551,86.2468,86.2478,2.7531,2.75308,5.43,1
CrBrI,1,6,7,7,200,185,198,1.66,2.96,2.66,52,79.904,126.9,6.7665,11.8138,10.451,76.8256,88.9807,81.8615,2.7716,2.9647,5.42,1
CrTeO,1,6,6,6,200,140,60,1.66,2.1,3.44,52,127.6,16,6.7665,9,13.618,76.3797,54.846,110.4179,3.44586,1.93246,3.68,0
CrSeTe,0,6,6,6,200,120,140,1.66,2.55,2.1,52,78.96,127.6,6.7665,9.7524,9,95.4577,77.6449,90.8027,2.79969,2.46495,2.97,1
CrSCl,0,6,6,7,200,100,175,1.66,2.58,3.16,52,32.06,35.453,6.7665,10.36,12.968,88.7905,94.0753,88.1857,2.36069,2.48275,3.67,0
CrSeCl,0,6,6,7,200,120,175,1.66,2.55,3.16,52,78.96,35.453,6.7665,9.7524,12.968,89.1046,90.6366,91.1529,2.49636,2.48531,3.11,1
CrSeBr,0,6,6,7,200,120,185,1.66,2.55,2.96,52,78.96,79.904,6.7665,9.7524,11.8138,89.6147,87.494,93.1359,2.62682,2.50125,3.02,1
CrTeCl,0,6,6,7,200,140,175,1.66,2.1,3.16,52,127.6,35.453,6.7665,9,12.968,89.0695,87.1015,94.5119,2.69996,2.53306,3.18,1
CrBr2,0,6,7,7,200,185,185,1.66,2.96,2.96,52,79.904,79.904,6.7665,11.8138,11.8138,86.783,93.2166,93.2175,2.72958,2.72956,6.39,1
CrBrI,0,6,7,7,200,185,198,1.66,2.96,2.66,52,79.904,126.9,6.7665,11.8138,10.451,89.2852,88.4633,92.8791,2.67796,2.57786,5.84,1
CrTeO,0,6,6,6,200,140,60,1.66,2.1,3.44,52,127.6,16,6.7665,9,13.618,88.1423,66.4101,108.9556,2.93196,1.97281,3.77,0
FeSBr,1,8,6,7,126,100,185,1.83,2.58,2.96,55.845,32.06,79.904,7.902,10.36,11.8138,75.9388,91.8946,80.0801,2.41719,2.70041,4.57,0
FeBr2,1,8,7,7,126,185,185,1.83,2.96,2.96,55.845,79.904,79.904,7.902,11.8138,11.8138,76.2865,85.86,85.8594,2.648,2.64802,3.09,1
FeSTe,1,8,6,6,126,100,140,1.83,2.58,2.1,55.845,32.06,127.6,7.902,10.36,9,79.0152,92.1992,75.0238,2.34347,2.77304,4.16,0
FeO2,1,8,6,6,126,60,60,1.83,3.44,3.44,55.845,16,16,7.902,13.618,13.618,68.7285,91.2659,91.2658,1.98823,1.98823,3.9,1
FeSeO,1,8,6,6,126,120,60,1.83,2.55,3.44,55.845,78.96,16,7.902,9.7524,13.618,76.3914,65.1133,103.6458,2.8199,1.93038,4.2,1
FeSeBr,1,8,6,6,126,120,185,1.83,2.55,2.96,55.845,78.96,79.904,7.902,9.7524,11.8138,78.5434,85.7201,82.6675,2.56279,2.63949,5.16,0
FeBrCl,1,8,7,7,126,185,175,1.83,2.96,3.16,55.845,79.904,35.453,7.902,11.8138,12.968,75.6565,88.7459,83.8489,2.51602,2.63342,3.17,1
FeClO,1,8,7,6,126,175,60,1.83,3.16,3.44,55.845,35.453,16,7.902,12.968,13.618,70.0172,75.3371,103.5411,2.55411,1.98691,4.02,0
FeTeCl,1,8,6,7,126,140,175,1.83,2.1,3.16,55.845,127.6,35.453,7.902,9,12.968,82.2581,76.0423,89.4393,2.83574,2.48213,6.01,1
FeBr2,0,8,7,7,126,185,185,1.83,2.96,2.96,55.845,79.904,79.904,7.902,11.8138,11.8138,88.952,91.0453,91.0507,2.63655,2.63642,5.69,1
FeSTe,0,8,6,6,126,100,140,1.83,2.58,2.1,55.845,32.06,127.6,7.902,10.36,9,91.8842,77.4536,97.1865,2.65847,2.21745,3.73,0
FeSeO,0,8,6,6,126,120,60,1.83,2.55,3.44,55.845,78.96,16,7.902,9.7524,13.618,86.8001,74.0154,107.0574,2.60353,1.94878,4.12,0
FeBrCl,0,8,7,7,126,185,175,1.83,2.96,3.16,55.845,79.904,35.453,7.902,11.8138,12.968,88.329,88.777,94.4176,2.61944,2.49695,5.4,1
FeSeBr,0,8,6,7,126,120,185,1.83,2.55,2.96,55.845,78.96,79.904,7.902,9.7524,11.8138,94.3763,87.9513,83.2109,2.49935,2.61361,5.25,1
FeS2,0,8,6,6,126,100,100,1.83,2.58,2.58,55.845,32.06,32.06,7.902,10.36,10.36,90.8421,89.1574,89.1583,2.29096,2.29024,5.7,0
FeClO,0,8,7,6,126,175,60,1.83,3.16,3.44,55.845,35.453,16,7.902,12.968,13.618,83.4071,79.7189,108.7152,2.50452,1.97517,3.83,0
CoClBr,1,9,7,7,200,175,185,1.88,3.16,2.96,58.933,35.453,79.904,7.881,12.968,11.8138,77.5977,89.0311,80.6466,2.45732,2.6624,7.21,1
CoSTe,1,9,6,6,200,100,140,1.88,2.58,2.1,58.933,32.06,127.6,7.881,10.36,9,78.4094,94.5603,73.28,2.25927,2.7813,6.79,0
CoTeO,1,9,6,6,200,140,60,1.88,2.1,3.44,58.933,127.6,16,7.881,9,13.618,71.4437,54.6661,114.7527,3.47683,1.89548,4.8,0
CoO2,1,9,6,6,200,60,60,1.88,3.44,3.44,58.933,16,16,7.881,13.618,13.618,70.7202,89.8646,89.8646,1.92389,1.92389,5.05,1
CoBr2,1,9,7,7,200,185,185,1.88,2.96,2.96,58.933,79.904,79.904,7.881,11.8138,11.8138,77.9952,84.6058,84.6062,2.62541,2.6254,6.71,1
CoSSe,1,9,6,6,200,100,120,1.88,2.58,2.55,58.933,32.06,78.96,7.881,10.36,9.7524,76.1811,91.9115,79.6942,2.167,2.431,5.34,0
CoSeI,0,9,6,7,200,120,198,1.88,2.55,2.66,58.933,78.96,126.9,7.881,9.7524,10.451,86.2499,97.5665,89.6158,2.49705,2.66532,7.34,0
CoCl2,0,9,7,7,200,175,175,1.88,3.16,3.16,58.933,35.453,35.453,7.881,12.968,12.968,86.6968,93.3029,93.3034,2.43308,2.43307,4.1,1
CoSSe,0,9,6,6,200,100,120,1.88,2.58,2.55,58.933,32.06,78.96,7.881,10.36,9.7524,91.9692,93.2253,82.3537,2.17434,2.40003,5.32,0
CoTeO,0,9,6,6,200,140,60,1.88,2.1,3.44,58.933,127.6,16,7.881,9,13.618,85.6939,61.0059,113.6418,3.13246,1.8997,5,1
CoClBr,0,9,7,7,200,175,185,1.88,3.16,2.96,58.933,35.453,79.904,7.881,12.968,11.8138,87.5069,95.4605,89.347,2.38059,2.5056,6.48,0
CoO2,0,9,6,6,200,60,60,1.88,3.44,3.44,58.933,16,16,7.881,13.618,13.618,81.9312,97.8108,98.3252,1.86411,1.85685,5.45,0
NiSeTe,1,10,6,6,163,120,140,1.91,2.55,2.1,58.693,78.96,127.6,7.64,9.7524,9,67.0545,95.6284,89.1254,2.39944,2.53376,5.87,0
NiSBr,1,10,6,7,163,100,185,1.91,2.58,2.96,58.693,32.06,79.904,7.64,10.36,11.8138,76.496,93.1932,77.7982,2.24578,2.59835,4.5,1
NiSeBr,1,10,6,7,163,120,185,1.91,2.55,2.96,58.693,78.96,79.904,7.64,9.7524,11.8138,76.1806,89.364,82.4241,2.39906,2.56045,6.1,1
NiSe2,1,10,6,6,163,120,120,1.91,2.55,2.55,58.693,78.96,78.96,7.64,9.7524,9.7524,63.8132,94.6487,94.6404,2.37991,2.38007,4.26,0
NiS2,0,10,6,6,163,100,100,1.91,2.58,2.58,58.693,32.06,32.06,7.64,10.36,10.36,54.9208,100.43,100.4297,2.26429,2.26429,6.2,1
NiSe2,0,10,6,6,163,120,120,1.91,2.55,2.55,58.693,78.96,78.96,7.64,9.7524,9.7524,84.7313,95.2689,95.2686,2.35484,2.35484,4.25,0
NiBrO,0,10,7,6,163,185,60,1.91,2.96,3.44,58.693,79.904,16,7.64,11.8138,13.618,84.7662,72.8752,110.213,2.68018,1.94081,6.08,0
NiSeI,0,10,6,7,163,120,198,1.91,2.55,2.66,58.693,78.96,126.9,7.64,9.7524,10.451,84.7662,72.8752,110.213,2.68018,1.94081,6.62,1
NiSCl,0,10,6,7,163,100,175,1.91,2.58,3.16,58.693,32.06,35.453,7.64,10.36,12.968,89.532,93.0517,87.7602,2.24291,2.34818,3.67,1
NiSI,1,10,6,7,163,100,198,1.91,2.58,2.66,58.693,32.06,126.9,7.64,10.36,10.451,83.314,102.856,54.9013,2.10442,3.56907,4.59,1
NiSeCl,0,10,6,7,163,120,175,1.91,2.55,3.16,58.693,78.96,35.453,7.64,9.7524,12.968,90.4623,88.5976,90.4628,2.39356,2.3546,6.01,0
NiBr2,0,10,7,7,163,185,185,1.91,2.96,2.96,58.693,79.904,79.904,7.64,11.8138,11.8138,88.2501,91.7499,91.7498,2.53419,2.53419,5.76,1
NiSBr,0,10,6,7,163,100,185,1.91,2.58,2.96,58.693,32.06,79.904,7.64,10.36,11.8138,89.1986,95.7133,85.4137,2.26504,2.47617,4.5,1
NiClBr,0,10,7,7,163,175,185,1.91,3.16,2.96,58.693,35.453,79.904,7.64,12.968,11.8138,87.7083,94.7687,89.6924,2.41423,2.51935,5.9,1
NiTeI,0,10,6,7,163,140,198,1.91,2.1,2.66,58.693,127.6,126.9,7.64,9,10.451,89.3699,91.7894,89.4464,2.58395,2.63675,7.01,1
NbS2,1,6,6,6,215,100,100,1.6,2.58,2.58,92.906,32.06,32.06,6.7589,11.8138,11.8138,78.5091,84.2267,84.2269,2.46229,2.46229,2.45,1
NbSSe,1,6,6,6,215,100,120,1.6,2.58,2.55,92.906,32.06,78.96,6.7589,11.8138,13.618,79.3682,86.3468,80.7856,2.45868,2.59597,2.46,1
NbSCl,1,6,6,7,215,100,175,1.6,2.58,3.16,92.906,32.06,35.453,6.7589,10.36,12.968,81.6788,83.1844,80.5409,2.42962,2.49513,3.3,1
NbCl2,1,6,7,7,215,175,175,1.6,3.16,3.16,92.906,35.453,35.453,6.7589,12.968,12.968,89.0298,76.2727,76.2728,2.53417,2.53417,3.07,1
NbBrI,1,6,7,7,215,185,198,1.6,2.96,2.66,92.906,79.904,126.9,6.7589,11.8138,10.451,88.1832,79.6058,74.2099,2.66998,2.83317,2.99,0
NbSeO,1,6,6,6,215,120,60,1.6,2.55,3.44,92.906,78.96,16,6.7589,9.7524,13.618,73.325,76.0131,98.9374,2.57993,2.09011,2.66,0
NbSI,0,6,6,7,215,100,198,1.6,2.58,2.66,92.906,32.06,126.9,6.7589,10.36,10.451,95.8028,91.9806,75.414,2.4273,2.85432,3.18,1
NbTe2,1,6,6,6,215,140,140,1.6,2.1,2.1,92.906,127.6,127.6,6.7589,9,9,82.0083,81.6206,81.6206,2.79094,2.79094,2.44,1
NbS2,0,6,6,6,215,100,100,1.6,2.58,2.58,92.906,32.06,32.06,6.7589,11.8138,11.8138,95.1301,84.8699,84.8699,2.45099,2.45099,2.89,1
NbSSe,0,6,6,6,215,100,120,1.6,2.58,2.55,92.906,32.06,78.96,6.7589,11.8138,13.618,95.9795,86.6931,81.2399,2.44855,2.58158,2.88,1
NbCl2,0,6,7,7,215,175,175,1.6,3.16,3.16,92.906,35.453,35.453,6.7589,12.968,12.968,102.9234,77.0766,77.0766,2.51295,2.51295,3.17,0
NbBrI,0,6,7,7,215,185,198,1.6,2.96,2.66,92.906,79.904,126.9,6.7589,11.8138,10.451,100.4911,81.6573,77.2987,2.6943,2.8227,2.61,0
NbSeCl,0,6,6,7,215,120,175,1.6,2.55,3.16,92.906,78.96,35.453,6.7589,9.7524,12.968,101.4032,79.1627,78.0267,2.5357,2.5666,3.04,0
NbTe2,0,6,6,6,215,140,140,1.6,2.1,2.1,92.906,127.6,127.6,6.7589,9,9,99.4137,80.5866,80.5866,2.77204,2.77203,2.77,1
