Name,Ph,e1,e2,e3,R1,R2,R3,El1,El2,El3,M1,M2,M3,Ei1,Ei2,Ei3,angle 1,angle 2,angle 3,b1,b2,Uh
VS2,1,5,6,6,205,100,100,1.63,2.58,2.58,50.94,32.06,32.06,6.7462,10.36,10.36,78.6323,84.1357,84.1359,2.36219,2.36219,4.3445606
VSe2,1,5,6,6,205,120,120,1.63,2.55,2.55,50.94,78.96,78.96,6.7462,9.7524,9.7524,79.9193,83.1816,83.1816,2.51244,2.51244,4.432906
VTe2,1,5,6,6,205,140,140,1.63,2.1,2.1,50.94,127.6,127.6,6.7462,9,9,91.3801,74.4514,74.4504,2.85828,2.85831,4.3677964
VSSe,1,5,6,6,205,100,120,1.63,2.58,2.55,50.94,32.06,78.96,6.7462,10.36,9.7524,79.138,80.9583,86.5151,2.50257,2.37071,4.5691533
VSTe,1,5,6,6,205,100,140,1.63,2.58,2.1,50.94,32.06,127.6,6.7462,10.36,9,81.7068,72.1772,90.9876,2.87455,2.37419,5.294154
VSeTe,1,5,6,6,205,120,140,1.63,2.55,2.1,50.94,78.96,127.6,6.7462,9.7524,9,81.7495,87.2749,76.1724,2.52502,2.82485,3.7317061
VI2,1,5,7,7,205,198,198,1.63,2.66,2.66,50.94,126.9,126.9,6.7462,10.451,10.451,78.774,84.0225,84.0394,2.73615,2.7357,5.0994387
VBr2,1,5,7,7,205,185,185,1.63,2.96,2.96,50.94,79.904,79.904,6.7462,11.8138,11.8138,81.1886,82.2492,82.2205,2.5476,2.54833,5.4819746
VCl2,1,5,7,7,205,175,175,1.63,3.16,3.16,50.94,35.453,35.453,6.7462,12.968,12.968,96.2529,93.747,83.7471,2.72191,2.43491,3.6909044
VClBr,1,5,7,7,205,175,185,1.63,3.16,2.96,50.94,35.453,79.904,6.7462,12.968,11.8138,80.6643,86.6344,78.5179,2.37395,2.57356,6.4968834
VClI,1,5,7,7,205,175,198,1.63,3.16,2.66,50.94,35.453,126.9,6.7462,12.968,10.451,74.6536,93.492,80.2719,2.68516,3.0339,6.633761
VBrI,1,5,7,7,205,185,198,1.63,2.96,2.66,50.94,79.904,126.9,6.7462,11.8138,10.451,76.1024,90.091,81.7734,2.80234,3.02969,6.152957
VSCl,1,5,6,7,205,100,175,1.63,2.58,3.16,50.94,32.06,35.453,6.7462,10.36,12.968,75.8087,83.5374,88.8287,2.53031,2.40841,3.6942766
VSBr,1,5,6,7,205,100,185,1.63,2.58,2.96,50.94,32.06,79.904,6.7462,10.36,11.8138,76.0671,80.4637,91.3627,2.68019,2.41953,3.7592103
VSI,1,5,6,7,205,100,198,1.63,2.58,2.66,50.94,32.06,126.9,6.7462,10.36,10.451,75.3782,95.4443,76.9638,2.44322,2.90505,3.9529464
VSeCl,1,5,6,7,205,120,175,1.63,2.55,3.16,50.94,78.96,35.453,6.7462,9.7524,12.968,80.9638,80.9511,83.8421,2.45972,2.38983,3.5536935
VSeBr,1,5,6,7,205,120,185,1.63,2.55,2.96,50.94,78.96,79.904,6.7462,9.7524,11.8138,77.2443,87.1053,83.1847,2.58796,2.68618,3.6077812
VSeI,1,5,6,7,205,120,198,1.63,2.55,2.66,50.94,78.96,126.9,6.7462,9.7524,10.451,76.2708,90.3766,81.2162,2.70519,2.94851,6.062155
VTeCl,1,5,6,7,205,140,175,1.63,2.1,3.16,50.94,127.6,35.453,6.7462,9,12.968,82.7676,73.1916,88.5684,2.93814,2.5087,3.7277815
VTeBr,1,5,6,7,205,140,185,1.63,2.1,2.96,50.94,127.6,79.904,6.7462,9,11.8138,83.1363,76.074,85.3481,2.91595,2.65071,3.685278
VTeI,1,5,6,7,205,140,198,1.63,2.1,2.66,50.94,127.6,126.9,6.7462,9,10.451,83.6691,78.6925,82.0306,2.96309,2.8626,4.748203
VO2,1,5,6,6,205,60,60,1.63,3.44,3.44,50.94,16,16,6.7462,13.618,13.618,71.1138,89.5853,89.5853,1.94954,1.94953,4.7257905
VSO,1,5,6,6,205,100,60,1.63,2.58,3.44,50.94,32.06,16,6.7462,10.36,13.618,73.6339,77.5257,97.2684,2.35404,1.96383,3.9922624
VSeO,1,5,6,6,205,120,60,1.63,2.55,3.44,50.94,78.96,16,6.7462,9.7524,13.618,74.5176,67.0728,104.4074,2.77876,1.94278,4.4967055
VTeO,1,5,6,6,205,140,60,1.63,2.1,3.44,50.94,127.6,16,6.7462,9,13.618,73.8828,60.6633,109.3885,3.17327,1.96368,4.6685615
VClO,1,5,7,6,205,175,60,1.63,3.16,3.44,50.94,35.453,16,6.7462,12.968,13.618,70.3064,74.7849,103.6194,2.56884,1.98481,4.2213497
VBrO,1,5,7,6,205,185,60,1.63,2.96,3.44,50.94,79.904,16,6.7462,11.8138,13.618,69.2397,69.0635,108.8088,2.88853,2.01366,5.333349
VIO,1,5,7,6,205,198,60,1.63,2.66,3.44,50.94,126.9,16,6.7462,10.451,13.618,80.2467,77.3438,88.3438,2.66544,2.3902,5.188677
MnS2,1,7,6,6,127,100,100,1.55,2.58,2.58,54.938,32.06,32.06,7.434,10.36,10.36,71.5884,89.2478,89.2488,2.413,2.41298,4.522964
MnSe2,1,7,6,6,127,120,120,1.55,2.55,2.55,54.938,78.96,78.96,7.434,9.7524,9.7524,74.1066,87.4431,87.4429,2.54328,2.54329,3.9740486
MnTe2,1,7,6,6,127,140,140,1.55,2.1,2.1,54.938,127.6,127.6,7.434,9,9,74.4187,87.2174,87.2175,2.74604,2.74604,3.2951446
MnSSe,1,7,6,6,127,100,120,1.55,2.58,2.55,54.938,32.06,78.96,7.434,10.36,9.7524,72.7543,91.5411,85.2095,2.4101,2.55114,4.076618
MnSTe,1,7,6,6,127,100,140,1.55,2.58,2.1,54.938,32.06,127.6,7.434,10.36,9,79.5861,92.8422,73.4091,2.40387,2.91359,3.9324205
MnSeTe,1,7,6,6,127,120,140,1.55,2.55,2.1,54.938,78.96,127.6,7.434,9.7524,9,78.525,89.4327,78.8114,2.53812,2.81316,3.5000572
MnI2,1,7,7,7,127,198,198,1.55,2.66,2.66,54.938,126.9,126.9,7.434,10.451,10.451,87.0838,72.9901,78.9202,2.79236,2.39205,4.652188
MnBr2,1,7,7,7,127,185,185,1.55,2.96,2.96,54.938,79.904,79.904,7.434,11.8138,11.8138,75.7304,86.2651,86.2656,2.75543,2.75542,4.671367
MnCl2,1,7,7,7,127,175,175,1.55,3.16,3.16,54.938,35.453,35.453,7.434,12.968,12.968,74.1965,87.3778,87.3784,2.60317,2.60316,4.973604
MnClBr,1,7,7,7,127,175,185,1.55,3.16,2.96,54.938,35.453,79.904,7.434,12.968,11.8138,74.84,89.3155,84.4652,2.62211,2.74198,4.983021
MnClI,1,7,7,7,127,175,198,1.55,3.16,2.66,54.938,35.453,126.9,7.434,12.968,10.451,74.4695,91.0161,83.2303,2.44292,2.62399,4.487215
MnBrI,1,7,7,7,127,185,198,1.55,2.96,2.66,54.938,79.904,126.9,7.434,11.8138,10.451,75.4967,88.8578,83.9694,2.50133,2.61759,4.552054
MnSCl,1,7,6,7,127,100,175,1.55,2.58,3.16,54.938,32.06,35.453,7.434,10.36,12.968,77.3742,86.8583,83.2451,2.48667,2.57366,4.5128794
MnSBr,1,7,6,7,127,100,185,1.55,2.58,2.96,54.938,32.06,79.904,7.434,10.36,11.8138,76.5578,90.6756,80.463,2.48452,2.73604,4.4707
MnSI,1,7,6,7,127,100,198,1.55,2.58,2.66,54.938,32.06,126.9,7.434,10.36,10.451,73.3396,92.6129,83.2032,2.39249,2.60545,4.5351243
MnSeCl,1,7,6,7,127,120,175,1.55,2.55,3.16,54.938,78.96,35.453,7.434,9.7524,12.968,81.4068,79.234,84.8618,2.71137,2.56249,5.1741276
MnSeBr,1,7,6,7,127,120,185,1.55,2.55,2.96,54.938,78.96,79.904,7.434,9.7524,11.8138,78.5759,85.6001,82.7415,2.66726,2.74197,5.5683365
MnSeI,1,7,6,7,127,120,198,1.55,2.55,2.66,54.938,78.96,126.9,7.434,9.7524,10.451,74.3075,90.4731,84.0438,2.45012,2.59874,5.753639
MnTeCl,1,7,6,7,127,140,175,1.55,2.1,3.16,54.938,127.6,35.453,7.434,9,12.968,82.2299,74.9162,87.7519,2.89822,2.54313,4.1007648
MnTeBr,1,7,6,7,127,140,185,1.55,2.1,2.96,54.938,127.6,79.904,7.434,9,11.8138,83.498,76.382,84.523,2.94465,2.7072,4.679582
MnTeI,1,7,6,7,127,140,198,1.55,2.1,2.66,54.938,127.6,126.9,7.434,9,10.451,80.4743,83.8971,81.6316,2.77478,2.83776,5.488555
MnO2,1,7,6,6,127,60,60,1.55,3.44,3.44,54.938,16,16,7.434,13.618,13.618,67.211,92.3232,92.3195,2.00162,2.00168,3.9593706
MnSO,1,7,6,6,127,100,60,1.55,2.58,3.44,54.938,32.06,16,7.434,10.36,13.618,68.7009,80.6448,100.9415,2.42052,2.03071,3.9251955
MnSeO,1,7,6,6,127,120,60,1.55,2.55,3.44,54.938,78.96,16,7.434,9.7524,13.618,75.7145,60.4538,107.6279,3.09088,1.92791,4.496423
MnTeO,1,7,6,6,127,140,60,1.55,2.1,3.44,54.938,127.6,16,7.434,9,13.618,70.6003,54.2094,115.5602,3.60039,1.93899,4.4338284
MnClO,1,7,7,6,127,175,60,1.55,3.16,3.44,54.938,35.453,16,7.434,12.968,13.618,70.7295,72.1813,105.0586,2.68509,1.99289,4.0983887
MnBrO,1,7,7,6,127,185,60,1.55,2.96,3.44,54.938,79.904,16,7.434,11.8138,13.618,68.681,45.0878,114.2897,3.28681,1.96234,5.179882
MnIO,1,7,7,6,127,198,60,1.55,2.66,3.44,54.938,126.9,16,7.434,10.451,13.618,70.0464,64.5119,110.8161,3.2078,2.07966,5.097737
CrS2,1,6,6,6,200,100,100,1.66,2.58,2.58,52,32.06,32.06,6.7665,10.36,10.36,75.9027,86.1398,86.1397,2.37704,2.37704,4.290423
CrSe2,1,6,6,6,200,120,120,1.66,2.55,2.55,52,78.96,78.96,6.7665,9.7524,9.7524,79.7524,83.3058,83.3055,2.569,2.569,4.4407544
CrTe2,1,6,6,6,200,140,140,1.66,2.1,2.1,52,127.6,127.6,6.7665,9,9,78.0462,84.5683,84.5685,2.61488,2.61488,4.3302746
CrSSe,1,6,6,6,200,100,120,1.66,2.58,2.55,52,32.06,78.96,6.7665,10.36,9.7524,81.3846,87.9752,75.9857,2.36333,2.6664,4.5845404
CrSTe,1,6,6,6,200,100,140,1.66,2.58,2.1,52,32.06,127.6,6.7665,10.36,9,83.3369,91.2443,69.3125,2.39335,3.00823,5.3079443
CrSeTe,1,6,6,6,200,120,140,1.66,2.55,2.1,52,78.96,127.6,6.7665,9.7524,9,82.2234,88.4137,74.2098,2.48079,2.86723,3.6714995
CrI2,1,6,7,7,200,198,198,1.66,2.66,2.66,52,126.9,126.9,6.7665,10.451,10.451,79.3915,83.5735,83.5737,2.82259,2.82258,5.098464
CrBr2,1,6,7,7,200,185,185,1.66,2.96,2.96,52,79.904,79.904,6.7665,11.8138,11.8138,75.7551,86.2468,86.2478,2.7531,2.75308,5.7976904
CrCl2,1,6,7,7,200,175,175,1.66,3.16,3.16,52,35.453,35.453,6.7665,12.968,12.968,74.464,87.1846,87.1847,2.55929,2.55929,3.7635608
CrClBr,1,6,7,7,200,175,185,1.66,3.16,2.96,52,35.453,79.904,6.7665,12.968,11.8138,74.8646,89.6691,84.0613,2.61591,2.75474,6.689763
CrClI,1,6,7,7,200,175,198,1.66,3.16,2.66,52,35.453,126.9,6.7665,12.968,10.451,76.4287,91.2037,80.0887,2.5014,2.77789,6.52007
CrBrI,1,6,7,7,200,185,198,1.66,2.96,2.66,52,79.904,126.9,6.7665,11.8138,10.451,76.8256,88.9807,81.8615,2.7716,2.9647,5.99967
CrSCl,1,6,6,7,200,100,175,1.66,2.58,3.16,52,32.06,35.453,6.7665,10.36,12.968,75.8681,90.1546,82.057,2.37514,2.56193,3.6692755
CrSBr,1,6,6,7,200,100,185,1.66,2.58,2.96,52,32.06,79.904,6.7665,10.36,11.8138,75.6243,92.646,79.7343,2.39975,2.70761,3.7661042
CrSI,1,6,6,7,200,100,198,1.66,2.58,2.66,52,32.06,126.9,6.7665,10.36,10.451,73.0174,92.7671,83.5159,2.3844,2.59202,3.9900439
CrSeCl,1,6,6,7,200,120,175,1.66,2.55,3.16,52,78.96,35.453,6.7665,9.7524,12.968,76.2345,84.7261,87.0606,2.5678,2.51063,3.609292
CrSeBr,1,6,6,7,200,120,185,1.66,2.55,2.96,52,78.96,79.904,6.7665,9.7524,11.8138,76.3117,82.381,89.5443,2.70682,2.52242,3.6455421
CrSeI,1,6,6,7,200,120,198,1.66,2.55,2.66,52,78.96,126.9,6.7665,9.7524,10.451,74.4107,93.4765,80.6562,2.64498,2.9763,6.419489
CrTeCl,1,6,6,7,200,140,175,1.66,2.1,3.16,52,127.6,35.453,6.7665,9,12.968,80.9067,87.7027,77.0148,2.55332,2.8411,3.7550995
CrTeBr,1,6,6,7,200,140,185,1.66,2.1,2.96,52,127.6,79.904,6.7665,9,11.8138,78.5844,82.6857,85.6422,2.79418,2.71546,3.7066164
CrTeI,1,6,6,7,200,140,198,1.66,2.1,2.66,52,127.6,126.9,6.7665,9,10.451,75.2293,88.9366,84.2832,2.83256,2.9573,5.1236997
CrO2,1,6,6,6,200,60,60,1.66,3.44,3.44,52,16,16,6.7665,13.618,13.618,62.5106,95.5195,95.52,2.07106,2.07105,4.704804
CrSO,1,6,6,6,200,100,60,1.66,2.58,3.44,52,32.06,16,6.7665,10.36,13.618,70.4302,78.7537,100.3406,2.38683,1.9718,3.9784303
CrSeO,1,6,6,6,200,120,60,1.66,2.55,3.44,52,78.96,16,6.7665,9.7524,13.618,77.8851,66.2789,100.9677,2.7578,1.95429,4.5084367
CrTeO,1,6,6,6,200,140,60,1.66,2.1,3.44,52,127.6,16,6.7665,9,13.618,76.3797,54.846,110.4179,3.44586,1.93246,4.6507654
CrClO,1,6,7,6,200,175,60,1.66,3.16,3.44,52,35.453,16,6.7665,12.968,13.618,72.3555,75.0142,100.9673,2.53586,2.00142,4.225406
CrBrO,1,6,7,6,200,185,60,1.66,2.96,3.44,52,79.904,16,6.7665,11.8138,13.618,74.0054,61.8977,108.4907,3.09654,1.96231,5.340669
CrIO,1,6,7,6,200,198,60,1.66,2.66,3.44,52,126.9,16,6.7665,10.451,13.618,71.3904,82.4907,95.9039,2.61287,2.31977,5.172452
FeS2,1,8,6,6,126,100,100,1.83,2.58,2.58,55.845,32.06,32.06,7.902,10.36,10.36,72.7032,82.2469,82.2474,2.39366,2.39365,4.523106
FeSe2,1,8,6,6,126,120,120,1.83,2.55,2.55,55.845,78.96,78.96,7.902,9.7524,9.7524,74.9328,86.8438,86.8463,2.52362,2.52356,3.9492059
FeTe2,1,8,6,6,126,140,140,1.83,2.1,2.1,55.845,127.6,127.6,7.902,9,9,73.5777,87.8239,87.8248,2.47746,2.47744,3.261549
FeSSe,1,8,6,6,126,100,120,1.83,2.58,2.55,55.845,32.06,78.96,7.902,10.36,9.7524,74.0371,90.7421,84.1609,2.38513,2.53282,4.050271
FeSTe,1,8,6,6,126,100,140,1.83,2.58,2.1,55.845,32.06,127.6,7.902,10.36,9,79.0152,92.1992,75.0238,2.34347,2.77304,3.9102144
FeSeTe,1,8,6,6,126,120,140,1.83,2.55,2.1,55.845,78.96,127.6,7.902,9.7524,9,74.9632,90.2286,83.3289,2.45682,2.6185,3.4585462
FeI2,1,8,7,7,126,198,198,1.83,2.66,2.66,55.845,126.9,126.9,7.902,10.451,10.451,74.438,87.2029,87.2041,2.51155,2.51152,4.62483
2-Feb,1,8,7,7,126,185,185,1.83,2.96,2.96,55.845,79.904,79.904,7.902,11.8138,11.8138,76.2865,85.86,85.8594,2.648,2.64802,4.6684875
FeCl2,1,8,7,7,126,175,175,1.83,3.16,3.16,55.845,35.453,35.453,7.902,12.968,12.968,74.9274,86.8488,86.8491,2.52086,2.52085,4.9699574
FeClBr,1,8,7,7,126,175,185,1.83,3.16,2.96,55.845,35.453,79.904,7.902,12.968,11.8138,75.6565,88.7459,83.8489,2.51602,2.63342,4.9396124
FeClI,1,8,7,7,126,175,198,1.83,3.16,2.66,55.845,35.453,126.9,7.902,12.968,10.451,74.0266,90.7105,84.2096,2.42925,2.57775,4.4468775
FeBrI,1,8,7,7,126,185,198,1.83,2.96,2.66,55.845,79.904,126.9,7.902,11.8138,10.451,76.0852,88.5077,83.46,2.7202,2.85187,4.5326285
FeSCl,1,8,6,7,126,100,175,1.83,2.58,3.16,55.845,32.06,35.453,7.902,10.36,12.968,76.5685,88.5498,82.6969,2.40861,2.54521,4.5312643
FeSBr,1,8,6,7,126,100,185,1.83,2.58,2.96,55.845,32.06,79.904,7.902,10.36,11.8138,75.9388,91.8946,80.0801,2.41719,2.70041,4.4384093
FeSI,1,8,6,7,126,100,198,1.83,2.58,2.66,55.845,32.06,126.9,7.902,10.36,10.451,72.8709,91.9742,84.5804,2.38406,2.5481,4.4654074
FeSeCl,1,8,6,7,126,120,175,1.83,2.55,3.16,55.845,78.96,35.453,7.902,9.7524,12.968,78.6912,83.3696,84.8115,2.56334,2.52783,5.168366
FeSeBr,1,8,6,7,126,120,185,1.83,2.55,2.96,55.845,78.96,79.904,7.902,9.7524,11.8138,78.5434,85.7201,82.6675,2.56279,2.63949,5.510053
FeSeI,1,8,6,7,126,120,198,1.83,2.55,2.66,55.845,78.96,126.9,7.902,9.7524,10.451,73.6755,89.9399,85.53,2.43905,2.53871,5.6681323
FeTeCl,1,8,6,7,126,140,175,1.83,2.1,3.16,55.845,127.6,35.453,7.902,9,12.968,82.2581,76.0423,89.4393,2.83574,2.48213,4.10336
FeTeBr,1,8,6,7,126,140,185,1.83,2.1,2.96,55.845,127.6,79.904,7.902,9,11.8138,82.9594,76.8511,84.8681,2.85048,2.62555,4.699579
FeTeI,1,8,6,7,126,140,198,1.83,2.1,2.66,55.845,127.6,126.9,7.902,9,10.451,80.525,83.8066,81.6472,2.79036,2.85073,5.386769
FeO2,1,8,6,6,126,60,60,1.83,3.44,3.44,55.845,16,16,7.902,13.618,13.618,68.7285,91.2659,91.2658,1.98823,1.98823,3.89435
FeSO,1,8,6,6,126,100,60,1.83,2.58,3.44,55.845,32.06,16,7.902,10.36,13.618,68.8077,79.7484,101.5391,2.42109,2.00381,3.858896
FeSeO,1,8,6,6,126,120,60,1.83,2.55,3.44,55.845,78.96,16,7.902,9.7524,13.618,76.3914,65.1133,103.6458,2.8199,1.93038,4.483029
FeTeO,1,8,6,6,126,140,60,1.83,2.1,3.44,55.845,127.6,16,7.902,9,13.618,74.2404,58.2557,110.4835,3.26187,1.93259,4.4306035
FeClO,1,8,7,6,126,175,60,1.83,3.16,3.44,55.845,35.453,16,7.902,12.968,13.618,70.0172,75.3371,103.5411,2.55411,1.98691,4.074303
FeBrO,1,8,7,6,126,185,60,1.83,2.96,3.44,55.845,79.904,16,7.902,11.8138,13.618,79.67,72.0231,93.428,2.7754,2.20082,5.166539
FeIO,1,8,7,6,126,198,60,1.83,2.66,3.44,55.845,126.9,16,7.902,10.451,13.618,70.9121,83.7084,95.4503,2.56399,2.31211,5.0957866
CoS2,1,9,6,6,200,100,100,1.88,2.58,2.58,58.933,32.06,32.06,7.881,10.36,10.36,70.8523,89.7732,89.7689,2.37796,2.37805,4.135942
CoSe2,1,9,6,6,200,120,120,1.88,2.55,2.55,58.933,78.96,78.96,7.881,9.7524,9.7524,74.0686,87.4707,87.4702,2.3495,2.34951,4.363557
CoTe2,1,9,6,6,200,140,140,1.88,2.1,2.1,58.933,127.6,127.6,7.881,9,9,73.7112,87.7281,87.7283,2.5278,2.5278,4.1360583
CoSSe,1,9,6,6,200,100,120,1.88,2.58,2.55,58.933,32.06,78.96,7.881,10.36,9.7524,76.1811,91.9115,79.6942,2.167,2.431,4.579589
CoSTe,1,9,6,6,200,100,140,1.88,2.58,2.1,58.933,32.06,127.6,7.881,10.36,9,78.4094,94.5603,73.28,2.25927,2.7813,5.484255
CoSeTe,1,9,6,6,200,120,140,1.88,2.55,2.1,58.933,78.96,127.6,7.881,9.7524,9,73.9426,92.443,82.4878,2.33748,2.55998,3.416012
CoI2,1,9,7,7,200,198,198,1.88,2.66,2.66,58.933,126.9,126.9,7.881,10.451,10.451,78.705,84.0872,84.0768,2.78368,2.78396,4.93641
CoBr2,1,9,7,7,200,185,185,1.88,2.96,2.96,58.933,79.904,79.904,7.881,11.8138,11.8138,77.9952,84.6058,84.6062,2.62541,2.6254,5.7459946
CoCl2,1,9,7,7,200,175,175,1.88,3.16,3.16,58.933,35.453,35.453,7.881,12.968,12.968,75.6242,86.3427,86.3426,2.43494,2.43494,3.674286
CoClBr,1,9,7,7,200,175,185,1.88,3.16,2.96,58.933,35.453,79.904,7.881,12.968,11.8138,77.5977,89.0311,80.6466,2.45732,2.6624,6.682963
CoClI,1,9,7,7,200,175,198,1.88,3.16,2.66,58.933,35.453,126.9,7.881,12.968,10.451,77.5271,94.3237,74.928,2.42369,2.92183,6.2285614
CoBrI,1,9,7,7,200,185,198,1.88,2.96,2.66,58.933,79.904,126.9,7.881,11.8138,10.451,78.8172,92.8609,82.1154,2.57646,2.8758,5.768913
CoSCl,1,9,6,7,200,100,175,1.88,2.58,3.16,58.933,32.06,35.453,7.881,10.36,12.968,78.1283,86.7534,82.2282,2.31336,2.4162,3.6295693
CoSBr,1,9,6,7,200,100,185,1.88,2.58,2.96,58.933,32.06,79.904,7.881,10.36,11.8138,76.7497,90.8878,79.944,2.29319,2.5436,3.7319462
CoSI,1,9,6,7,200,100,198,1.88,2.58,2.66,58.933,32.06,126.9,7.881,10.36,10.451,78.4433,97.3866,69.878,2.20262,2.88907,3.9037201
CoSeCl,1,9,6,7,200,120,175,1.88,2.55,3.16,58.933,78.96,35.453,7.881,9.7524,12.968,79.7202,81.3032,85.3303,2.47579,2.37988,3.6004694
CoSeBr,1,9,6,7,200,120,185,1.88,2.55,2.96,58.933,78.96,79.904,7.881,9.7524,11.8138,77.9089,85.9874,83.34,2.45116,2.51413,3.6478179
CoSeI,1,9,6,7,200,120,198,1.88,2.55,2.66,58.933,78.96,126.9,7.881,9.7524,10.451,73.9509,90.4747,84.5687,2.43625,2.57102,6.5714107
CoTeCl,1,9,6,7,200,140,175,1.88,2.1,3.16,58.933,127.6,35.453,7.881,9,12.968,73.8059,87.9334,87.3859,2.45142,2.46365,3.736865
CoTeBr,1,9,6,7,200,140,185,1.88,2.1,2.96,58.933,127.6,79.904,7.881,9,11.8138,74.0296,54.7142,53.5062,2.46675,2.57874,3.7110522
CoTeI,1,9,6,7,200,140,198,1.88,2.1,2.66,58.933,127.6,126.9,7.881,9,10.451,77.8976,85.1264,84.2281,2.6654,2.68843,5.3546524
CoO2,1,9,6,6,200,60,60,1.88,3.44,3.44,58.933,16,16,7.881,13.618,13.618,70.7202,89.8646,89.8646,1.92389,1.92389,4.7119927
CoSO,1,9,6,6,200,100,60,1.88,2.58,3.44,58.933,32.06,16,7.881,10.36,13.618,68.795,87.4944,94.819,2.38491,2.24001,3.8799613
CoSeO,1,9,6,6,200,120,60,1.88,2.55,3.44,58.933,78.96,16,7.881,9.7524,13.618,65.0137,81.5109,104.66,2.44899,2.01983,4.288085
CoTeO,1,9,6,6,200,140,60,1.88,2.1,3.44,58.933,127.6,16,7.881,9,13.618,71.4437,54.6661,114.7527,3.47683,1.89548,4.5522056
CoClO,1,9,7,6,200,175,60,1.88,3.16,3.44,58.933,35.453,16,7.881,12.968,13.618,70.2957,76.6242,102.2142,2.48725,1.98113,4.1314883
CoBrO,1,9,7,6,200,185,60,1.88,2.96,3.44,58.933,79.904,16,7.881,11.8138,13.618,69.5161,84.4757,96.6155,2.5159,2.26483,5.314039
CoIO,1,9,7,6,200,198,60,1.88,2.66,3.44,58.933,126.9,16,7.881,10.451,13.618,66.7913,48.5481,119.2094,3.98421,1.89891,5.1472435
NiS2,1,10,6,6,163,100,100,1.91,2.58,2.58,58.693,32.06,32.06,7.64,10.36,10.36,54.9208,100.43,100.4297,2.26429,2.26429,4.034308
NiSe2,1,10,6,6,163,120,120,1.91,2.55,2.55,58.693,78.96,78.96,7.64,9.7524,9.7524,63.8132,94.6487,94.6404,2.37991,2.38007,4.2585177
NiTe2,1,10,6,6,163,140,140,1.91,2.1,2.1,58.693,127.6,127.6,7.64,9,9,69.8422,90.4845,90.4844,2.55398,2.55398,3.5118933
NiSSe,1,10,6,6,163,100,120,1.91,2.58,2.55,58.693,32.06,78.96,7.64,10.36,9.7524,59.4414,100.3914,94.5857,2.27191,2.37519,4.0689964
NiSTe,1,10,6,6,163,100,140,1.91,2.58,2.1,58.693,32.06,127.6,7.64,10.36,9,64.3362,100.6684,87.4226,2.27484,2.53411,4.5309153
NiSeTe,1,10,6,6,163,120,140,1.91,2.55,2.1,58.693,78.96,127.6,7.64,9.7524,9,67.0545,95.6284,89.1254,2.39944,2.53376,3.4594262
NiI2,1,10,7,7,163,198,198,1.91,2.66,2.66,58.693,126.9,126.9,7.64,10.451,10.451,76.1448,85.9624,85.9638,2.67533,2.67529,4.9527
NiBr2,1,10,7,7,163,185,185,1.91,2.96,2.96,58.693,79.904,79.904,7.64,11.8138,11.8138,75.8314,86.1912,86.1923,2.58158,2.58155,5.266247
NiCl2,1,10,7,7,163,175,175,1.91,3.16,3.16,58.693,35.453,35.453,7.64,12.968,12.968,75.582,86.3724,86.3743,2.42901,2.42897,4.8812737
NiClBr,1,10,7,7,163,175,185,1.91,3.16,2.96,58.693,35.453,79.904,7.64,12.968,11.8138,75.4686,82.8042,90.0125,2.59853,2.43008,5.946951
NiClI,1,10,7,7,163,175,198,1.91,3.16,2.66,58.693,35.453,126.9,7.64,12.968,10.451,75.0646,93.1663,80.0096,2.45695,2.77616,5.1078806
NiBrI,1,10,7,7,163,185,198,1.91,2.96,2.66,58.693,79.904,126.9,7.64,11.8138,10.451,76.1054,87.4093,84.56,2.5539,2.62294,4.948298
NiSCl,1,10,6,7,163,100,175,1.91,2.58,3.16,58.693,32.06,35.453,7.64,10.36,12.968,76.0059,90.692,81.2776,2.23005,2.43575,3.6580727
NiSBr,1,10,6,7,163,100,185,1.91,2.58,2.96,58.693,32.06,79.904,7.64,10.36,11.8138,76.496,93.1932,77.7982,2.24578,2.59835,4.497993
NiSI,1,10,6,7,163,100,198,1.91,2.58,2.66,58.693,32.06,126.9,7.64,10.36,10.451,83.314,102.856,54.9013,2.10442,3.56907,4.583908
NiSeCl,1,10,6,7,163,120,175,1.91,2.55,3.16,58.693,78.96,35.453,7.64,9.7524,12.968,77.5402,85.1866,84.6947,2.41437,2.42571,5.596473
NiSeBr,1,10,6,7,163,120,185,1.91,2.55,2.96,58.693,78.96,79.904,7.64,9.7524,11.8138,76.1806,89.364,82.4241,2.39906,2.56045,6.100125
NiSeI,1,10,6,7,163,120,198,1.91,2.55,2.66,58.693,78.96,126.9,7.64,9.7524,10.451,75.0905,92.3031,80.9171,2.39755,2.6646,6.58648
NiTeCl,1,10,6,7,163,140,175,1.91,2.1,3.16,58.693,127.6,35.453,7.64,9,12.968,75.879,83.718,88.554,2.52107,2.40974,4.028388
NiTeBr,1,10,6,7,163,140,185,1.91,2.1,2.96,58.693,127.6,79.904,7.64,9,11.8138,75.6576,86.4418,86.1947,2.52669,2.53251,4.312245
NiTeI,1,10,6,7,163,140,198,1.91,2.1,2.66,58.693,127.6,126.9,7.64,9,10.451,75.6576,86.4418,86.1947,2.52669,2.53251,6.516773
NiO2,1,10,6,6,163,60,60,1.91,3.44,3.44,58.693,16,16,7.64,13.618,13.618,70.3484,90.0018,90.2531,2.36295,2.35779,4.5481553
NiSO,1,10,6,6,163,100,60,1.91,2.58,3.44,58.693,32.06,16,7.64,10.36,13.618,50.4318,99.6754,106.4238,2.12921,2.03181,3.8173857
NiSeO,1,10,6,6,163,120,60,1.91,2.55,3.44,58.693,78.96,16,7.64,9.7524,13.618,50.4919,56.8715,106.0521,2.25249,2.16018,4.3844047
NiTeO,1,10,6,6,163,140,60,1.91,2.1,3.44,58.693,127.6,16,7.64,9,13.618,51.9055,96.0379,107.859,2.40382,2.21073,4.467507
NiClO,1,10,7,6,163,175,60,1.91,3.16,3.44,58.693,35.453,16,7.64,12.968,13.618,67.709,86.6085,97.0763,2.41266,2.20814,4.184811
NiBrO,1,10,7,6,163,185,60,1.91,2.96,3.44,58.693,79.904,16,7.64,11.8138,13.618,65.9993,80.0697,104.6251,2.60126,2.11443,5.3055763
NiIO,1,10,7,6,163,198,60,1.91,2.66,3.44,58.693,126.9,16,7.64,10.451,13.618,54.783,60.6743,119.9936,3.35551,1.95708,5.071144
NbS2,1,6,6,6,215,100,100,1.6,2.58,2.58,92.906,32.06,32.06,6.7589,10.36,10.36,78.5091,84.2267,84.2269,2.46229,2.46229,2.8544898
NbSe2,1,6,6,6,215,120,120,1.6,2.55,2.55,92.906,78.96,78.96,6.7589,9.7524,9.7524,80.4035,82.8211,82.8211,2.59319,2.59319,2.8512464
NbTe2,1,6,6,6,215,140,140,1.6,2.1,2.1,92.906,127.6,127.6,6.7589,9,9,82.0083,81.6206,81.6206,2.79094,2.79094,2.7615206
NbSSe,1,6,6,6,215,100,120,1.6,2.58,2.55,92.906,32.06,78.96,6.7589,10.36,9.7524,79.3682,86.3468,80.7856,2.45868,2.59597,2.726458
NbSTe,1,6,6,6,215,100,140,1.6,2.58,2.1,92.906,32.06,127.6,6.7589,10.36,9,79.0882,90.5701,76.7152,2.43277,2.78578,3.3913383
NbSeTe,1,6,6,6,215,120,140,1.6,2.55,2.1,92.906,78.96,127.6,6.7589,9.7524,9,80.8559,86.4617,78.4067,2.56871,2.78355,2.6864457
NbI2,1,6,7,7,215,198,198,1.6,2.66,2.66,92.906,126.9,126.9,6.7589,10.451,10.451,87.6899,77.3044,77.3047,2.82934,2.82933,3.399634
NbBr2,1,6,7,7,215,185,185,1.6,2.96,2.96,92.906,79.904,79.904,6.7589,11.8138,11.8138,89.4707,75.9327,75.9314,2.66854,2.66858,3.2216282
NbCl2,1,6,7,7,215,175,175,1.6,3.16,3.16,92.906,35.453,35.453,6.7589,12.968,12.968,89.0298,76.2727,76.2728,2.53417,2.53417,3.0404015
NbClBr,1,6,7,7,215,175,185,1.6,3.16,2.96,92.906,35.453,79.904,6.7589,12.968,11.8138,89.0153,78.5632,73.9802,2.5361,2.66868,3.0679302
NbClI,1,6,7,7,215,175,198,1.6,3.16,2.66,92.906,35.453,126.9,6.7589,12.968,10.451,87.2066,82.7585,72.4615,2.53738,2.8379,3.0269973
NbBrI,1,6,7,7,215,185,198,1.6,2.96,2.66,92.906,79.904,126.9,6.7589,11.8138,10.451,88.1832,79.6058,74.2099,2.66998,2.83317,2.9660354
NbSCl,1,6,6,7,215,100,175,1.6,2.58,3.16,92.906,32.06,35.453,6.7589,10.36,12.968,81.6788,83.1844,80.5409,2.42962,2.49513,3.3037708
NbSBr,1,6,6,7,215,100,185,1.6,2.58,2.96,92.906,32.06,79.904,6.7589,10.36,11.8138,82.0865,84.999,78.0543,2.44317,2.62125,3.3187585
NbSI,1,6,6,7,215,100,198,1.6,2.58,2.66,92.906,32.06,126.9,6.7589,10.36,10.451,81.2192,87.9389,76.2804,2.47174,2.77866,3.177189
NbSeCl,1,6,6,7,215,120,175,1.6,2.55,3.16,92.906,78.96,35.453,6.7589,9.7524,12.968,82.4414,80.3896,82.1959,2.54852,2.50215,3.1957178
NbSeBr,1,6,6,7,215,120,185,1.6,2.55,2.96,92.906,78.96,79.904,6.7589,9.7524,11.8138,83.0116,82.0861,79.6368,2.56139,2.62647,3.0879428
NbSeI,1,6,6,7,215,120,198,1.6,2.55,2.66,92.906,78.96,126.9,6.7589,9.7524,10.451,82.3397,84.8156,77.8575,2.58752,2.77715,3.293746
NbTeCl,1,6,6,7,215,140,175,1.6,2.1,3.16,92.906,127.6,35.453,6.7589,9,12.968,82.6564,77.1497,85.0281,2.73075,2.51968,3.4392405
NbTeBr,1,6,6,7,215,140,185,1.6,2.1,2.96,92.906,127.6,79.904,6.7589,9,11.8138,83.4817,78.7058,82.2982,2.73951,2.6399,3.4408135
NbTeI,1,6,6,7,215,140,198,1.6,2.1,2.66,92.906,127.6,126.9,6.7589,9,10.451,83.09,81.2222,80.39,2.76032,2.78397,3.5932832
NbO2,1,6,6,6,215,60,60,1.6,3.44,3.44,92.906,16,16,6.7589,13.618,13.618,69.3639,90.8205,90.8209,2.06782,2.06781,3.4414642
NbSO,1,6,6,6,215,100,60,1.6,2.58,3.44,92.906,32.06,16,6.7589,10.36,13.618,73.3158,78.8656,96.5353,2.45092,2.08607,2.7198436
NbSeO,1,6,6,6,215,120,60,1.6,2.55,3.44,92.906,78.96,16,6.7589,9.7524,13.618,73.325,76.0131,98.9374,2.57993,2.09011,2.7630262
NbTeO,1,6,6,6,215,140,60,1.6,2.1,3.44,92.906,127.6,16,6.7589,9,13.618,72.6982,72.3234,102.6495,2.78488,2.10486,3.7179797
NbClO,1,6,7,6,215,175,60,1.6,3.16,3.44,92.906,35.453,16,6.7589,12.968,13.618,76.3731,76.4479,94.5566,2.47339,2.08311,2.9241312
NbBrO,1,6,7,6,215,185,60,1.6,2.96,3.44,92.906,79.904,16,6.7589,11.8138,13.618,82.9994,68.0195,92.8918,2.99862,2.00419,3.4782956
NbIO,1,6,7,6,215,198,60,1.6,2.66,3.44,92.906,126.9,16,6.7589,10.451,13.618,74.825,71.4115,100.7607,2.79905,2.12073,4.3983946
VS2,0,5,6,6,205,100,100,1.63,2.58,2.58,50.94,32.06,32.06,6.7462,10.36,10.36,92.5017,87.4985,87.4982,2.39128,2.39129,4.3414917
VSe2,0,5,6,6,205,120,120,1.63,2.55,2.55,50.94,78.96,78.96,6.7462,9.7524,9.7524,94.7439,85.2556,85.2565,2.55593,2.55591,4.4275074
VTe2,0,5,6,6,205,140,140,1.63,2.1,2.1,50.94,127.6,127.6,6.7462,9,9,96.8299,83.1704,83.1697,2.78314,2.78316,4.368283
VSSe,0,5,6,6,205,100,120,1.63,2.58,2.55,50.94,32.06,78.96,6.7462,10.36,9.7524,93.7307,89.8239,82.5077,2.36708,2.53444,4.559101
VSTe,0,5,6,6,205,100,140,1.63,2.58,2.1,50.94,32.06,127.6,6.7462,10.36,9,91.2368,79.1772,100.9876,2.27055,2.33419,5.289897
VSeTe,0,5,6,6,205,120,140,1.63,2.55,2.1,50.94,78.96,127.6,6.7462,9.7524,9,88.7995,90.0989,85.1724,2.21502,2.84085,3.7330065
VI2,0,5,7,7,205,198,198,1.63,2.66,2.66,50.94,126.9,126.9,6.7462,10.451,10.451,88.7247,91.2754,91.2753,2.91422,2.91422,5.142924
VBr2,0,5,7,7,205,185,185,1.63,2.96,2.96,50.94,79.904,79.904,6.7462,11.8138,11.8138,87.8832,92.1163,92.1174,2.71642,2.7164,5.529414
VCl2,0,5,7,7,205,175,175,1.63,3.16,3.16,50.94,35.453,35.453,6.7462,12.968,12.968,86.2529,93.747,93.7471,2.52191,2.52191,3.7083476
VClBr,0,5,7,7,205,175,185,1.63,3.16,2.96,50.94,35.453,79.904,6.7462,12.968,11.8138,86.7754,95.8095,90.501,2.59582,2.71219,6.526368
VClI,0,5,7,7,205,175,198,1.63,3.16,2.66,50.94,35.453,126.9,6.7462,12.968,10.451,86.986,98.4648,86.9121,2.63615,2.90279,6.6415863
VBrI,0,5,7,7,205,185,198,1.63,2.96,2.66,50.94,79.904,126.9,6.7462,11.8138,10.451,88.1366,94.9188,88.6231,2.7634,2.91467,6.1743245
VSCl,0,5,6,7,205,100,175,1.63,2.58,3.16,50.94,32.06,35.453,6.7462,10.36,12.968,88.2831,95.6079,87.5223,2.37285,2.54163,3.6949103
VSBr,0,5,6,7,205,100,185,1.63,2.58,2.96,50.94,32.06,79.904,6.7462,10.36,11.8138,88.2637,98.1656,84.4315,2.38525,2.68249,3.7561111
VSI,0,5,6,7,205,100,198,1.63,2.58,2.66,50.94,32.06,126.9,6.7462,10.36,10.451,87.1736,101.9109,81.7846,2.41873,2.86955,3.9461992
VSeCl,0,5,6,7,205,120,175,1.63,2.55,3.16,50.94,78.96,35.453,6.7462,9.7524,12.968,89.5557,91.3949,89.4775,2.51902,2.5612,3.557543
VSeBr,0,5,6,7,205,120,185,1.63,2.55,2.96,50.94,78.96,79.904,6.7462,9.7524,11.8138,89.5002,94.1448,86.6023,2.51948,2.68987,3.6084857
VSeI,0,5,6,7,205,120,198,1.63,2.55,2.66,50.94,78.96,126.9,6.7462,9.7524,10.451,88.647,97.9403,83.8585,2.55152,2.8805,6.0908337
VTeCl,0,5,6,7,205,140,175,1.63,2.1,3.16,50.94,127.6,35.453,6.7462,9,12.968,93.9571,81.5951,90.2059,2.76514,2.5505,3.7249134
VTeBr,0,5,6,7,205,140,185,1.63,2.1,2.96,50.94,127.6,79.904,6.7462,9,11.8138,90.1543,89.249,90.4363,2.74157,2.71323,3.6833048
VTeI,0,5,6,7,205,140,198,1.63,2.1,2.66,50.94,127.6,126.9,6.7462,9,10.451,97.769,80.224,84.1836,2.95325,2.83854,4.7871118
VO2,0,5,6,6,205,60,60,1.63,3.44,3.44,50.94,16,16,6.7462,13.618,13.618,81.5164,98.4831,98.4841,1.94626,1.94624,4.724036
VSO,0,5,6,6,205,100,60,1.63,2.58,3.44,50.94,32.06,16,6.7462,10.36,13.618,85.5535,79.7835,105.6607,2.41718,1.94545,4.003232
VSeO,0,5,6,6,205,120,60,1.63,2.55,3.44,50.94,78.96,16,6.7462,9.7524,13.618,87.562,71.3772,107.3708,2.68508,1.94399,4.503462
VTeO,0,5,6,6,205,140,60,1.63,2.1,3.44,50.94,127.6,16,6.7462,9,13.618,85.8302,66.6573,111.5339,3.11197,2.06813,4.667854
VClO,0,5,7,6,205,175,60,1.63,3.16,3.44,50.94,35.453,16,6.7462,12.968,13.618,91.0295,81.6888,95.4548,86.9121,2.27894,4.221084
VBrO,0,5,7,6,205,185,60,1.63,2.96,3.44,50.94,79.904,16,6.7462,11.8138,13.618,87.606,66.0698,58.559,3.1346,2.08937,5.3302317
VIO,0,5,7,6,205,198,60,1.63,2.66,3.44,50.94,126.9,16,6.7462,10.451,13.618,93.8694,83.0404,89.0803,2.6047,2.46163,5.1964097
MnS2,0,7,6,6,127,100,100,1.55,2.58,2.58,54.938,32.06,32.06,7.434,10.36,10.36,87.2263,92.7735,99.7739,2.36954,2.36953,4.5307217
MnSe2,0,7,6,6,127,120,120,1.55,2.55,2.55,54.938,78.96,78.96,7.434,9.7524,9.7524,88.9638,91.0359,91.0365,2.51714,2.51713,3.978134
MnTe2,0,7,6,6,127,140,140,1.55,2.1,2.1,54.938,127.6,127.6,7.434,9,9,92.7342,7.2637,87.2679,2.72126,2.72115,3.3028302
MnSSe,0,7,6,6,127,100,120,1.55,2.58,2.55,54.938,32.06,78.96,7.434,10.36,9.7524,87.8577,94.9129,89.2187,2.38604,2.50324,4.1083226
MnSTe,0,7,6,6,127,100,140,1.55,2.58,2.1,54.938,32.06,127.6,7.434,10.36,9,91.1821,96.5433,79.9388,2.38675,2.7729,3.9381018
MnSeTe,0,7,6,6,127,120,140,1.55,2.55,2.1,54.938,78.96,127.6,7.434,9.7524,9,91.7754,92.7397,83.347,2.51744,2.74055,3.5093265
MnI2,0,7,7,7,127,198,198,1.55,2.66,2.66,54.938,126.9,126.9,7.434,10.451,10.451,97.0838,82.9101,82.9222,2.59236,2.59205,4.6429663
MnBr2,0,7,7,7,127,185,185,1.55,2.96,2.96,54.938,79.904,79.904,7.434,11.8138,11.8138,95.7908,84.209,84.2093,2.34244,2.34243,4.6697464
MnCl2,0,7,7,7,127,175,175,1.55,3.16,3.16,54.938,35.453,35.453,7.434,12.968,12.968,86.6333,93.3664,93.367,2.57368,2.57367,4.9607763
MnClBr,0,7,7,7,127,175,185,1.55,3.16,2.96,54.938,35.453,79.904,7.434,12.968,11.8138,87.395,95.2137,89.8587,2.59259,2.71117,4.9513183
MnClI,0,7,7,7,127,175,198,1.55,3.16,2.66,54.938,35.453,126.9,7.434,12.968,10.451,93.7922,91.3421,80.6307,2.41878,2.67429,4.478515
MnBrI,0,7,7,7,127,185,198,1.55,2.96,2.66,54.938,79.904,126.9,7.434,11.8138,10.451,94.3224,89.3743,81.7606,2.47645,2.66092,4.5513783
MnSCl,0,7,6,7,127,100,175,1.55,2.58,3.16,54.938,32.06,35.453,7.434,10.36,12.968,90.2612,91.7656,87.6384,2.44891,2.53921,4.516909
MnSBr,0,7,6,7,127,100,185,1.55,2.58,2.96,54.938,32.06,79.904,7.434,10.36,11.8138,90.1547,94.8655,84.3451,2.44966,2.68726,4.465537
MnSI,0,7,6,7,127,100,198,1.55,2.58,2.66,54.938,32.06,126.9,7.434,10.36,10.451,93.211,94.3164,78.2485,2.38556,2.77205,4.5483823
MnSeCl,0,7,6,7,127,120,175,1.55,2.55,3.16,54.938,78.96,35.453,7.434,9.7524,12.968,91.9921,86.4369,89.5395,2.62447,2.55188,5.177007
MnSeBr,0,7,6,7,127,120,185,1.55,2.55,2.96,54.938,78.96,79.904,7.434,9.7524,11.8138,92.1083,89.3276,86.4215,2.63238,2.70259,5.573652
MnSeI,0,7,6,7,127,120,198,1.55,2.55,2.66,54.938,78.96,126.9,7.434,9.7524,10.451,94.0932,90.532,80.9288,2.4326,2.66278,5.7625866
MnTeCl,0,7,6,7,127,140,175,1.55,2.1,3.16,54.938,127.6,35.453,7.434,9,12.968,95.2065,78.1025,90.8795,2.85368,2.52327,4.1024666
MnTeBr,0,7,6,7,127,140,185,1.55,2.1,2.96,54.938,127.6,79.904,7.434,9,11.8138,96.6474,79.2882,87.1942,2.89912,2.68233,4.672161
MnTeI,0,7,6,7,127,140,198,1.55,2.1,2.66,54.938,127.6,126.9,7.434,9,10.451,94.9313,86.8592,83.2289,2.54162,2.63098,5.5047593
MnO2,0,7,6,6,127,60,60,1.55,3.44,3.44,54.938,16,16,7.434,13.618,13.618,82.0469,97.9507,97.9556,1.92559,1.92552,3.9948602
MnSO,0,7,6,6,127,100,60,1.55,2.58,3.44,54.938,32.06,16,7.434,10.36,13.618,85.1074,84.5084,84.5084,2.32253,1.99004,3.9310615
MnSeO,0,7,6,6,127,120,60,1.55,2.55,3.44,54.938,78.96,16,7.434,9.7524,13.618,87.6234,69.5276,108.1833,2.77388,1.95276,4.4951243
MnTeO,0,7,6,6,127,140,60,1.55,2.1,3.44,54.938,127.6,16,7.434,9,13.618,84.3244,58.3406,115.5917,3.37802,1.94583,4.42981
MnClO,0,7,7,6,127,175,60,1.55,3.16,3.44,54.938,35.453,16,7.434,12.968,13.618,82.99,80.7384,108.7559,2.51084,2.00067,4.0933127
MnBrO,0,7,7,6,127,185,60,1.55,2.96,3.44,54.938,79.904,16,7.434,11.8138,13.618,82.9942,68.6474,113.7734,2.94575,1.98308,5.176303
MnIO,0,7,7,6,127,198,60,1.55,2.66,3.44,54.938,126.9,16,7.434,10.451,13.618,85.9209,69.3942,110.33,3.09901,2.14921,5.1022077
CrS2,0,6,6,6,200,100,100,1.66,2.58,2.58,52,32.06,32.06,6.7665,10.36,10.36,91.4469,88.5527,88.5534,2.37352,2.3735,4.2914877
CrSe2,0,6,6,6,200,120,120,1.66,2.55,2.55,52,78.96,78.96,6.7665,9.7524,9.7524,95.6788,84.3211,84.3212,2.32811,2.32811,4.4341264
CrTe2,0,6,6,6,200,140,140,1.66,2.1,2.1,52,127.6,127.6,6.7665,9,9,97.289,82.1297,83.2875,2.78874,2.75691,4.328018
CrSSe,0,6,6,6,200,100,120,1.66,2.58,2.55,52,32.06,78.96,6.7665,10.36,9.7524,93.5525,91.5683,80.8829,2.34352,2.58936,4.573939
CrSTe,0,6,6,6,200,100,140,1.66,2.58,2.1,52,32.06,127.6,6.7665,10.36,9,93.8176,95.434,75.3825,2.34338,2.8356,5.300844
CrSeTe,0,6,6,6,200,120,140,1.66,2.55,2.1,52,78.96,127.6,6.7665,9.7524,9,95.4577,77.6449,90.8027,2.79969,2.46495,3.6767924
CrI2,0,6,7,7,200,198,198,1.66,2.66,2.66,52,126.9,126.9,6.7665,10.451,10.451,83.3395,85.0735,93.0747,2.42259,2.89458,5.1410556
CrBr2,0,6,7,7,200,185,185,1.66,2.96,2.96,52,79.904,79.904,6.7665,11.8138,11.8138,86.783,93.2166,93.2175,2.72958,2.72956,5.8269196
CrCl2,0,6,7,7,200,175,175,1.66,3.16,3.16,52,35.453,35.453,6.7665,12.968,12.968,85.9106,94.0895,94.0893,2.52564,2.52564,3.7815824
CrClBr,0,6,7,7,200,175,185,1.66,3.16,2.96,52,35.453,79.904,6.7665,12.968,11.8138,85.603,97.6592,90.8988,2.57142,2.71621,6.7147064
CrClI,0,6,7,7,200,175,198,1.66,3.16,2.66,52,35.453,126.9,6.7665,12.968,10.451,86.4008,100.1485,86.0589,2.59599,2.91746,6.52775
CrBrI,0,6,7,7,200,185,198,1.66,2.96,2.66,52,79.904,126.9,6.7665,11.8138,10.451,89.2852,88.4633,92.8791,2.67796,2.57786,6.020193
CrSCl,0,6,6,7,200,100,175,1.66,2.58,3.16,52,32.06,35.453,6.7665,10.36,12.968,88.7905,94.0753,88.1857,2.36069,2.48275,3.6697564
CrSBr,0,6,6,7,200,100,185,1.66,2.58,2.96,52,32.06,79.904,6.7665,10.36,11.8138,89.0991,96.0782,85.19,2.38373,2.61896,3.7651193
CrSI,0,6,6,7,200,100,198,1.66,2.58,2.66,52,32.06,126.9,6.7665,10.36,10.451,88.2348,99.3513,82.9266,2.43515,2.80385,3.9793508
CrSeCl,0,6,6,7,200,120,175,1.66,2.55,3.16,52,78.96,35.453,6.7665,9.7524,12.968,89.1046,90.6366,91.1529,2.49636,2.48531,3.6149623
CrSeBr,0,6,6,7,200,120,185,1.66,2.55,2.96,52,78.96,79.904,6.7665,9.7524,11.8138,89.6147,87.494,93.1359,2.62682,2.50125,3.6525455
CrSeI,0,6,6,7,200,120,198,1.66,2.55,2.66,52,78.96,126.9,6.7665,9.7524,10.451,88.671,96.2872,85.8749,2.62185,2.86672,6.443894
CrTeCl,0,6,6,7,200,140,175,1.66,2.1,3.16,52,127.6,35.453,6.7665,9,12.968,89.0695,87.1015,94.5119,2.69996,2.53306,3.7534711
CrTeBr,0,6,6,7,200,140,185,1.66,2.1,2.96,52,127.6,79.904,6.7665,9,11.8138,89.5625,89.3564,91.4984,2.72128,2.67125,3.7046437
CrTeI,0,6,6,7,200,140,198,1.66,2.1,2.66,52,127.6,126.9,6.7665,9,10.451,89.9302,93.0241,86.9545,2.78268,2.93415,5.171238
CrO2,0,6,6,6,200,60,60,1.66,3.44,3.44,52,16,16,6.7665,13.618,13.618,84.9491,103.6246,84.5911,2.00678,2.34372,4.702493
CrSO,0,6,6,6,200,100,60,1.66,2.58,3.44,52,32.06,16,6.7665,10.36,13.618,83.5997,82.2301,107.0985,2.39183,1.95533,3.9835768
CrSeO,0,6,6,6,200,120,60,1.66,2.55,3.44,52,78.96,16,6.7665,9.7524,13.618,87.2384,73.1096,106.9297,2.75969,2.04563,4.509204
CrTeO,0,6,6,6,200,140,60,1.66,2.1,3.44,52,127.6,16,6.7665,9,13.618,88.1423,66.4101,108.9556,2.93196,1.97281,4.6514063
CrClO,0,6,7,6,200,175,60,1.66,3.16,3.44,52,35.453,16,6.7665,12.968,13.618,85.1433,81.1184,105.4822,2.43258,1.98735,4.225698
CrBrO,0,6,7,6,200,185,60,1.66,2.96,3.44,52,79.904,16,6.7665,11.8138,13.618,85.1464,78.3103,107.069,2.59451,2.03706,5.3385987
CrIO,0,6,7,6,200,198,60,1.66,2.66,3.44,52,126.9,16,6.7665,10.451,13.618,93.5553,82.879,89.8229,2.60999,2.44665,5.1818705
FeS2,0,8,6,6,126,100,100,1.83,2.58,2.58,55.845,32.06,32.06,7.902,10.36,10.36,90.8421,89.1574,89.1583,2.29096,2.29024,4.5291758
FeSe2,0,8,6,6,126,120,120,1.83,2.55,2.55,55.845,78.96,78.96,7.902,9.7524,9.7524,92.7299,87.2708,87.2693,2.43265,2.43268,3.9534142
FeTe2,0,8,6,6,126,140,140,1.83,2.1,2.1,55.845,127.6,127.6,7.902,9,9,93.8335,86.1661,86.1669,2.60987,2.60985,3.2688956
FeSSe,0,8,6,6,126,100,120,1.83,2.58,2.55,55.845,32.06,78.96,7.902,10.36,9.7524,91.9164,91.6124,84.3384,2.37064,2.53189,4.0796266
FeSTe,0,8,6,6,126,100,140,1.83,2.58,2.1,55.845,32.06,127.6,7.902,10.36,9,91.8842,77.4536,97.1865,2.65847,2.21745,3.9206707
FeSeTe,0,8,6,6,126,120,140,1.83,2.55,2.1,55.845,78.96,127.6,7.902,9.7524,9,93.4745,91.2683,81.4034,2.41339,2.64569,3.4752471
FeI2,0,8,7,7,126,198,198,1.83,2.66,2.66,55.845,126.9,126.9,7.902,10.451,10.451,92.7656,87.2338,87.2351,2.67713,2.6771,4.6161175
2-Feb,0,8,7,7,126,185,185,1.83,2.96,2.96,55.845,79.904,79.904,7.902,11.8138,11.8138,88.952,91.0453,91.0507,2.63655,2.63642,4.666721
FeCl2,0,8,7,7,126,175,175,1.83,3.16,3.16,55.845,35.453,35.453,7.902,12.968,12.968,95.6623,84.3377,84.3376,2.33254,2.33254,4.9569674
FeClBr,0,8,7,7,126,175,185,1.83,3.16,2.96,55.845,35.453,79.904,7.902,12.968,11.8138,88.329,88.777,94.4176,2.61944,2.49695,4.9089413
FeClI,0,8,7,7,126,175,198,1.83,3.16,2.66,55.845,35.453,126.9,7.902,12.968,10.451,93.5171,90.902,81.7368,2.37707,2.58896,4.4395466
FeBrI,0,8,7,7,126,185,198,1.83,2.96,2.66,55.845,79.904,126.9,7.902,11.8138,10.451,94.0469,89.6201,82.0674,2.45457,2.63499,4.532281
FeSCl,0,8,6,7,126,100,175,1.83,2.58,3.16,55.845,32.06,35.453,7.902,10.36,12.968,89.6875,93.4042,87.0424,2.40071,2.53728,4.5341616
FeSBr,0,8,6,7,126,100,185,1.83,2.58,2.96,55.845,32.06,79.904,7.902,10.36,11.8138,92.7912,92.7522,81.128,2.38807,2.6583,4.434534
FeSI,0,8,6,7,126,100,198,1.83,2.58,2.66,55.845,32.06,126.9,7.902,10.36,10.451,90.423,95.4087,83.0938,2.5676,2.86357,4.478257
FeSeCl,0,8,6,7,126,120,175,1.83,2.55,3.16,55.845,78.96,35.453,7.902,9.7524,12.968,91.6148,88.0807,88.6882,2.54711,2.53325,5.1721997
FeSeBr,0,8,6,7,126,120,185,1.83,2.55,2.96,55.845,78.96,79.904,7.902,9.7524,11.8138,94.3763,87.9513,83.2109,2.49935,2.61361,5.510093
FeSeI,0,8,6,7,126,120,198,1.83,2.55,2.66,55.845,78.96,126.9,7.902,9.7524,10.451,90.423,95.4087,83.0938,2.5676,2.86357,5.6770825
FeTeCl,0,8,6,7,126,140,175,1.83,2.1,3.16,55.845,127.6,35.453,7.902,9,12.968,95.7828,76.5556,91.1067,2.79279,2.42339,4.106046
FeTeBr,0,8,6,7,126,140,185,1.83,2.1,2.96,55.845,127.6,79.904,7.902,9,11.8138,94.6324,86.3693,84.3505,2.51838,2.56696,4.686796
FeTeI,0,8,6,7,126,140,198,1.83,2.1,2.66,55.845,127.6,126.9,7.902,9,10.451,93.9933,88.6178,83.2864,2.46772,2.59413,5.407193
FeO2,0,8,6,6,126,60,60,1.83,3.44,3.44,55.845,16,16,7.902,13.618,13.618,78.7103,103.4021,99.038,1.83984,1.8983,3.923574
FeSO,0,8,6,6,126,100,60,1.83,2.58,3.44,55.845,32.06,16,7.902,10.36,13.618,85.8653,80.5328,104.7526,2.39219,1.95215,3.8613815
FeSeO,0,8,6,6,126,120,60,1.83,2.55,3.44,55.845,78.96,16,7.902,9.7524,13.618,86.8001,74.0154,107.0574,2.60353,1.94878,4.4820604
FeTeO,0,8,6,6,126,140,60,1.83,2.1,3.44,55.845,127.6,16,7.902,9,13.618,85.0948,67.599,111.9779,2.92344,1.9619,4.426532
FeClO,0,8,7,6,126,175,60,1.83,3.16,3.44,55.845,35.453,16,7.902,12.968,13.618,83.4071,79.7189,108.7152,2.50452,1.97517,4.0688643
FeBrO,0,8,7,6,126,185,60,1.83,2.96,3.44,55.845,79.904,16,7.902,11.8138,13.618,89.67,78.0231,100.428,2.70254,2.21382,5.163202
FeIO,0,8,7,6,126,198,60,1.83,2.66,3.44,55.845,126.9,16,7.902,10.451,13.618,74.9435,87.2304,99.6803,2.3699,2.30441,5.0991745
CoS2,0,9,6,6,200,100,100,1.88,2.58,2.58,58.933,32.06,32.06,7.881,10.36,10.36,90.9421,89.0586,89.0572,2.21581,2.21583,4.1472588
CoSe2,0,9,6,6,200,120,120,1.88,2.55,2.55,58.933,78.96,78.96,7.881,9.7524,9.7524,92.091,87.9086,87.9094,2.34462,2.3446,4.357861
CoTe2,0,9,6,6,200,140,140,1.88,2.1,2.1,58.933,127.6,127.6,7.881,9,9,91.1277,88.8759,88.8687,2.51665,2.51681,4.132023
CoSSe,0,9,6,6,200,100,120,1.88,2.58,2.55,58.933,32.06,78.96,7.881,10.36,9.7524,91.9692,93.2253,82.3537,2.17434,2.40003,4.5716367
CoSTe,0,9,6,6,200,100,140,1.88,2.58,2.1,58.933,32.06,127.6,7.881,10.36,9,91.1583,107.7099,73.5996,2.20136,2.57353,5.4782553
CoSeTe,0,9,6,6,200,120,140,1.88,2.55,2.1,58.933,78.96,127.6,7.881,9.7524,9,90.9124,93.9522,83.7861,2.3281,2.5489,3.4194438
CoI2,0,9,7,7,200,198,198,1.88,2.66,2.66,58.933,126.9,126.9,7.881,10.451,10.451,78.705,89.0272,90.0128,2.28368,2.8126,4.9802103
CoBr2,0,9,7,7,200,185,185,1.88,2.96,2.96,58.933,79.904,79.904,7.881,11.8138,11.8138,88.0414,91.9574,91.9598,2.51353,2.51348,5.783344
CoCl2,0,9,7,7,200,175,175,1.88,3.16,3.16,58.933,35.453,35.453,7.881,12.968,12.968,86.6968,93.3029,93.3034,2.43308,2.43307,3.6976392
CoClBr,0,9,7,7,200,175,185,1.88,3.16,2.96,58.933,35.453,79.904,7.881,12.968,11.8138,87.5069,95.4605,89.347,2.38059,2.5056,6.713127
CoClI,0,9,7,7,200,175,198,1.88,3.16,2.66,58.933,35.453,126.9,7.881,12.968,10.451,92.8355,93.9431,79.5652,2.39993,2.74176,6.2392282
CoBrI,0,9,7,7,200,185,198,1.88,2.96,2.66,58.933,79.904,126.9,7.881,11.8138,10.451,88.1042,95.0817,88.5079,2.54509,2.69068,5.812817
CoSCl,0,9,6,7,200,100,175,1.88,2.58,3.16,58.933,32.06,35.453,7.881,10.36,12.968,88.3885,94.3754,88.6985,2.19693,2.30552,3.6316319
CoSBr,0,9,6,7,200,100,185,1.88,2.58,2.96,58.933,32.06,79.904,7.881,10.36,11.8138,90.865,95.964,81.41,2.26933,2.58518,3.7328193
CoSI,0,9,6,7,200,100,198,1.88,2.58,2.66,58.933,32.06,126.9,7.881,10.36,10.451,86.7265,99.0997,86.6882,2.2972,2.54685,3.890063
CoSeCl,0,9,6,7,200,120,175,1.88,2.55,3.16,58.933,78.96,35.453,7.881,9.7524,12.968,90.3204,89.0312,90.3208,2.42976,2.40242,3.6075163
CoSeBr,0,9,6,7,200,120,185,1.88,2.55,2.96,58.933,78.96,79.904,7.881,9.7524,11.8138,89.9026,92.6435,87.4324,2.42976,2.54277,3.6632268
CoSeI,0,9,6,7,200,120,198,1.88,2.55,2.66,58.933,78.96,126.9,7.881,9.7524,10.451,86.2499,97.5665,89.6158,2.49705,2.66532,6.5921683
CoTeCl,0,9,6,7,200,140,175,1.88,2.1,3.16,58.933,127.6,35.453,7.881,9,12.968,93.2586,79.2643,93.4317,2.72483,2.38756,3.7359674
CoTeBr,0,9,6,7,200,140,185,1.88,2.1,2.96,58.933,127.6,79.904,7.881,9,11.8138,87.9732,91.4328,92.6142,2.49257,2.46789,3.7093549
CoTeI,0,9,6,7,200,140,198,1.88,2.1,2.66,58.933,127.6,126.9,7.881,9,10.451,87.1359,93.8457,91.8634,2.53981,2.58195,5.4017982
CoO2,0,9,6,6,200,60,60,1.88,3.44,3.44,58.933,16,16,7.881,13.618,13.618,81.9312,97.8108,98.3252,1.86411,1.85685,4.7126765
CoSO,0,9,6,6,200,100,60,1.88,2.58,3.44,58.933,32.06,16,7.881,10.36,13.618,91.6816,89.7736,86.8273,2.33154,2.39412,3.8848004
CoSeO,0,9,6,6,200,120,60,1.88,2.55,3.44,58.933,78.96,16,7.881,9.7524,13.618,92.7847,86.4246,87.9961,2.41012,2.37566,4.290153
CoTeO,0,9,6,6,200,140,60,1.88,2.1,3.44,58.933,127.6,16,7.881,9,13.618,85.6939,61.0059,113.6418,3.13246,1.8997,4.5532565
CoClO,0,9,7,6,200,175,60,1.88,3.16,3.44,58.933,35.453,16,7.881,12.968,13.618,87.0722,83.2393,101.0725,2.24744,1.93349,4.13328
CoBrO,0,9,7,6,200,185,60,1.88,2.96,3.44,58.933,79.904,16,7.881,11.8138,13.618,83.7307,66.5745,113.7355,2.91282,1.90905,5.312811
CoIO,0,9,7,6,200,198,60,1.88,2.66,3.44,58.933,126.9,16,7.881,10.451,13.618,81.1548,57.1286,117.9834,3.45372,1.92672,5.156812
NiS2,0,10,6,6,163,100,100,1.91,2.58,2.58,58.693,32.06,32.06,7.64,10.36,10.36,84.4839,95.516,95.5163,2.22582,2.22581,4.0386477
NiSe2,0,10,6,6,163,120,120,1.91,2.55,2.55,58.693,78.96,78.96,7.64,9.7524,9.7524,84.7313,95.2689,95.2686,2.35484,2.35484,4.2517643
NiTe2,0,10,6,6,163,140,140,1.91,2.1,2.1,58.693,127.6,127.6,7.64,9,9,86.524,93.4794,93.4726,2.53253,2.53268,3.5069113
NiSSe,0,10,6,6,163,100,120,1.91,2.58,2.55,58.693,32.06,78.96,7.64,10.36,9.7524,84.527,97.6622,93.1748,2.25087,2.33252,4.08559
NiSTe,0,10,6,6,163,100,140,1.91,2.58,2.1,58.693,32.06,127.6,7.64,10.36,9,86.2713,99.2719,87.4884,2.27017,2.50166,4.534975
NiSeTe,0,10,6,6,163,120,140,1.91,2.55,2.1,58.693,78.96,127.6,7.64,9.7524,9,86.0142,96.8002,91.0005,2.38882,2.50452,3.456474
NiI2,0,10,7,7,163,198,198,1.91,2.66,2.66,58.693,126.9,126.9,7.64,10.451,10.451,96.2866,83.7126,83.7142,2.5626,2.56256,4.968207
NiBr2,0,10,7,7,163,185,185,1.91,2.96,2.96,58.693,79.904,79.904,7.64,11.8138,11.8138,88.2501,91.7499,91.7498,2.53419,2.53419,5.2626853
NiCl2,0,10,7,7,163,175,175,1.91,3.16,3.16,58.693,35.453,35.453,7.64,12.968,12.968,87.4484,92.5518,92.5514,2.38532,2.38533,4.9471593
NiClBr,0,10,7,7,163,175,185,1.91,3.16,2.96,58.693,35.453,79.904,7.64,12.968,11.8138,87.7083,94.7687,89.6924,2.41423,2.51935,5.9420166
NiClI,0,10,7,7,163,175,198,1.91,3.16,2.66,58.693,35.453,126.9,7.64,12.968,10.451,91.7687,93.8638,82.0227,2.4041,2.67644,5.1063776
NiBrI,0,10,7,7,163,185,198,1.91,2.96,2.66,58.693,79.904,126.9,7.64,11.8138,10.451,93.1578,90.3025,83.1824,2.47437,2.6427,4.9537053
NiSCl,0,10,6,7,163,100,175,1.91,2.58,3.16,58.693,32.06,35.453,7.64,10.36,12.968,89.532,93.0517,87.7602,2.24291,2.34818,3.677248
NiSBr,0,10,6,7,163,100,185,1.91,2.58,2.96,58.693,32.06,79.904,7.64,10.36,11.8138,89.1986,95.7133,85.4137,2.26504,2.47617,4.5093193
NiSI,0,10,6,7,163,100,198,1.91,2.58,2.66,58.693,32.06,126.9,7.64,10.36,10.451,87.4331,99.6711,84.3366,2.30453,2.62339,4.591574
NiSeCl,0,10,6,7,163,120,175,1.91,2.55,3.16,58.693,78.96,35.453,7.64,9.7524,12.968,90.4623,88.5976,90.4628,2.39356,2.3546,5.6229634
NiSeBr,0,10,6,7,163,120,185,1.91,2.55,2.96,58.693,78.96,79.904,7.64,9.7524,11.8138,90.0973,91.7058,88.0412,2.4007,2.4789,6.125355
NiSeI,0,10,6,7,163,120,198,1.91,2.55,2.66,58.693,78.96,126.9,7.64,9.7524,10.451,84.7662,72.8752,110.213,2.68018,1.94081,6.582378
NiTeCl,0,10,6,7,163,140,175,1.91,2.1,3.16,58.693,127.6,35.453,7.64,9,12.968,89.9827,85.5374,94.1718,2.54134,2.35626,4.033982
NiTeBr,0,10,6,7,163,140,185,1.91,2.1,2.96,58.693,127.6,79.904,7.64,9,11.8138,90.2755,88.3049,91.1102,2.55617,2.49404,4.3462286
NiTeI,0,10,6,7,163,140,198,1.91,2.1,2.66,58.693,127.6,126.9,7.64,9,10.451,89.3699,91.7894,89.4464,2.58395,2.63675,6.5326138
NiO2,0,10,6,6,163,60,60,1.91,3.44,3.44,58.693,16,16,7.64,13.618,13.618,89.112,97.2774,83.8862,2.13033,2.38954,4.555799
NiSO,0,10,6,6,163,100,60,1.91,2.58,3.44,58.693,32.06,16,7.64,10.36,13.618,83.9367,90.3809,101.1066,2.14471,1.97039,3.8154314
NiSeO,0,10,6,6,163,120,60,1.91,2.55,3.44,58.693,78.96,16,7.64,9.7524,13.618,88.3208,78.2245,102.4283,2.37018,1.91818,4.387444
NiTeO,0,10,6,6,163,140,60,1.91,2.1,3.44,58.693,127.6,16,7.64,9,13.618,83.6493,80.412,108.0246,2.49808,1.99297,4.468334
NiClO,0,10,7,6,163,175,60,1.91,3.16,3.44,58.693,35.453,16,7.64,12.968,13.618,85.9087,82.9483,103.1574,2.30623,1.94951,4.179254
NiBrO,0,10,7,6,163,185,60,1.91,2.96,3.44,58.693,79.904,16,7.64,11.8138,13.618,84.7662,72.8752,110.213,2.68018,1.94081,5.303917
NiIO,0,10,7,6,163,198,60,1.91,2.66,3.44,58.693,126.9,16,7.64,10.451,13.618,81.1741,52.7158,118.6329,3.6556,1.88721,5.076394
NbS2,0,6,6,6,215,100,100,1.6,2.58,2.58,92.906,32.06,32.06,6.7589,10.36,10.36,95.1301,84.8699,84.8699,2.45099,2.45099,2.8622828
NbSe2,0,6,6,6,215,120,120,1.6,2.55,2.55,92.906,78.96,78.96,6.7589,9.7524,9.7524,97.0593,82.9407,82.9407,2.57674,2.57674,2.8535502
NbTe2,0,6,6,6,215,140,140,1.6,2.1,2.1,92.906,127.6,127.6,6.7589,9,9,99.4137,80.5866,80.5866,2.77204,2.77203,2.7635689
NbSSe,0,6,6,6,215,100,120,1.6,2.58,2.55,92.906,32.06,78.96,6.7589,10.36,9.7524,95.9795,86.6931,81.2399,2.44855,2.58158,2.7372723
NbSTe,0,6,6,6,215,100,140,1.6,2.58,2.1,92.906,32.06,127.6,6.7589,10.36,9,96.0414,90.3762,76.8815,2.4377,2.78164,3.428025
NbSeTe,0,6,6,6,215,120,140,1.6,2.55,2.1,92.906,78.96,127.6,6.7589,9.7524,9,97.7865,85.7722,78.4701,2.5775,2.77327,2.6869276
NbI2,0,6,7,7,215,198,198,1.6,2.66,2.66,92.906,126.9,126.9,6.7589,10.451,10.451,100.6186,79.3814,79.3815,2.81542,2.81541,3.400948
NbBr2,0,6,7,7,215,185,185,1.6,2.96,2.96,92.906,79.904,79.904,6.7589,11.8138,11.8138,103.0169,76.9831,76.9831,2.65046,2.65045,3.219373
NbCl2,0,6,7,7,215,175,175,1.6,3.16,3.16,92.906,35.453,35.453,6.7589,12.968,12.968,102.9234,77.0766,77.0766,2.51295,2.51295,3.0388832
NbClBr,0,6,7,7,215,175,185,1.6,3.16,2.96,92.906,35.453,79.904,6.7589,12.968,11.8138,102.8439,79.1372,75.1252,2.52691,2.64038,3.0684707
NbClI,0,6,7,7,215,175,198,1.6,3.16,2.66,92.906,35.453,126.9,6.7589,12.968,10.451,101.1964,82.8036,74.5873,2.5582,2.79226,3.0435634
NbBrI,0,6,7,7,215,185,198,1.6,2.96,2.66,92.906,79.904,126.9,6.7589,11.8138,10.451,100.4911,81.6573,77.2987,2.6943,2.8227,2.9709065
NbSCl,0,6,6,7,215,100,175,1.6,2.58,3.16,92.906,32.06,35.453,6.7589,10.36,12.968,94.9827,88.5227,81.3183,2.45105,2.62551,3.3059273
NbSBr,0,6,6,7,215,100,185,1.6,2.58,2.96,92.906,32.06,79.904,6.7589,10.36,11.8138,100.3105,83.8326,75.3093,2.44418,2.67281,3.3268495
NbSI,0,6,6,7,215,100,198,1.6,2.58,2.66,92.906,32.06,126.9,6.7589,10.36,10.451,95.8028,91.9806,75.414,2.4273,2.85432,3.1795428
NbSeCl,0,6,6,7,215,120,175,1.6,2.55,3.16,92.906,78.96,35.453,6.7589,9.7524,12.968,101.4032,79.1627,78.0267,2.5357,2.5666,3.191544
NbSeBr,0,6,6,7,215,120,185,1.6,2.55,2.96,92.906,78.96,79.904,6.7589,9.7524,11.8138,2.66938,80.195,76.7276,2.57225,2.66938,3.0811706
NbSeI,0,6,6,7,215,120,198,1.6,2.55,2.66,92.906,78.96,126.9,6.7589,9.7524,10.451,100.2635,83.8702,75.3664,2.58445,2.82541,3.310383
NbTeCl,0,6,6,7,215,140,175,1.6,2.1,3.16,92.906,127.6,35.453,6.7589,9,12.968,101.7192,73.8151,82.5073,2.76715,2.52011,3.4335568
NbTeBr,0,6,6,7,215,140,185,1.6,2.1,2.96,92.906,127.6,79.904,6.7589,9,11.8138,102.1354,75.8997,79.7821,2.76614,2.65245,3.4358363
NbTeI,0,6,6,7,215,140,198,1.6,2.1,2.66,92.906,127.6,126.9,6.7589,9,10.451,101.2812,79.2494,78.1845,2.77389,2.8055,3.612817
NbO2,0,6,6,6,215,60,60,1.6,3.44,3.44,92.906,16,16,6.7589,13.618,13.618,81.3373,98.6624,98.6631,2.0628,2.06279,3.462979
NbSO,0,6,6,6,215,100,60,1.6,2.58,3.44,92.906,32.06,16,6.7589,10.36,13.618,87.3424,81.8483,101.5951,2.4593,2.07891,2.719763
NbSeO,0,6,6,6,215,120,60,1.6,2.55,3.44,92.906,78.96,16,6.7589,9.7524,13.618,87.0867,78.4961,104.1465,2.59552,2.08182,2.7622712
NbTeO,0,6,6,6,215,140,60,1.6,2.1,3.44,92.906,127.6,16,6.7589,9,13.618,85.0389,74.3543,109.2041,2.82169,2.09176,3.718226
NbClO,0,6,7,6,215,175,60,1.6,3.16,3.44,92.906,35.453,16,6.7589,12.968,13.618,93.0612,75.1544,96.8668,2.52973,2.06193,2.9245617
NbBrO,0,6,7,6,215,185,60,1.6,2.96,3.44,92.906,79.904,16,6.7589,11.8138,13.618,92.0774,73.0195,99.8968,2.66862,2.07419,3.4667087
NbIO,0,6,7,6,215,198,60,1.6,2.66,3.44,92.906,126.9,16,6.7589,10.451,13.618,89.2005,71.631,105.0037,2.84075,2.09529,4.389184
