Name,Ph,R1,R2,R3,El1,El2,El3,M1,M2,M3,Ei1,Ei2,Ei3,Nd,Uh,Cellparameter
VS2,1,205,100,100,1.63,2.58,2.58,50.94,32.06,32.06,6.7462,10.36,10.36,3,4.35,3.247040666
VSe2,1,205,120,120,1.63,2.55,2.55,50.94,78.96,78.96,6.7462,9.7524,9.7524,3,4.28,3.335542376
VSSe,1,205,100,120,1.63,2.58,2.55,50.94,32.06,78.96,6.7462,10.36,9.7524,3,4.27,3.249197786
VO2,1,205,60,60,1.63,3.44,3.44,50.94,16,16,6.7462,13.618,13.618,3,4.53,2.747068396
VSI,1,205,100,198,1.63,2.58,2.66,50.94,32.06,126.9,6.7462,10.36,10.451,3,4.06,3.615432023
VSeCl,1,205,120,175,1.63,2.55,3.16,50.94,78.96,35.453,6.7462,9.7524,12.968,3,4.76,3.193325811
VSeBr,1,205,120,185,1.63,2.55,2.96,50.94,78.96,79.904,6.7462,9.7524,11.8138,3,4.18,3.566319977
VTe2,1,205,140,140,1.63,2.1,2.1,50.94,127.6,127.6,6.7462,9,9,3,4.34,3.458268819
VSTe,1,205,100,140,1.63,2.58,2.1,50.94,32.06,127.6,6.7462,10.36,9,3,4.26,3.386424721
VSeTe,1,205,120,140,1.63,2.55,2.1,50.94,78.96,127.6,6.7462,9.7524,9,3,4.24,3.484991631
VTe2,0,205,140,140,1.63,2.1,2.1,50.94,127.6,127.6,6.7462,9,9,3,4.5,3.694519947
VSeBr,0,205,120,185,1.63,2.55,2.96,50.94,78.96,79.904,6.7462,9.7524,11.8138,3,4.43,3.716139815
VS2,0,205,100,100,1.63,2.58,2.58,50.94,32.06,32.06,6.7462,10.36,10.36,3,4.53,3.314418117
VSe2,0,205,120,120,1.63,2.55,2.55,50.94,78.96,78.96,6.7462,9.7524,9.7524,3,4.74,3.461919855
VSSe,0,205,100,120,1.63,2.58,2.55,50.94,32.06,78.96,6.7462,10.36,9.7524,3,4.66,3.342407008
VO2,0,205,60,60,1.63,3.44,3.44,50.94,16,16,6.7462,13.618,13.618,3,4.07,2.948455903
VSI,0,205,100,198,1.63,2.58,2.66,50.94,32.06,126.9,6.7462,10.36,10.451,3,4.26,3.842534604
VSeTe,0,205,120,140,1.63,2.55,2.1,50.94,78.96,127.6,6.7462,9.7524,9,3,4.66,3.413223963
MnS2,1,127,100,100,1.55,2.58,2.58,54.938,32.06,32.06,7.434,10.36,10.36,5,4.06,3.390020435
MnSe2,1,127,120,120,1.55,2.55,2.55,54.938,78.96,78.96,7.434,9.7524,9.7524,5,3.52,3.633413875
MnSSe,1,127,100,120,1.55,2.58,2.55,54.938,32.06,78.96,7.434,10.36,9.7524,5,3.78,3.453928074
MnSeTe,1,127,120,140,1.55,2.55,2.1,54.938,78.96,127.6,7.434,9.7524,9,5,3.39,3.571632982
MnSeO,1,127,120,60,1.55,2.55,3.44,54.938,78.96,16,7.434,9.7524,13.618,5,4.06,3.112056314
MnTeO,1,127,140,60,1.55,2.1,3.44,54.938,127.6,16,7.434,9,13.618,5,3.72,3.280802033
MnTeCl,1,127,140,175,1.55,2.1,3.16,54.938,127.6,35.453,7.434,9,12.968,5,2.83,3.525284337
MnS2,0,127,100,100,1.55,2.58,2.58,54.938,32.06,32.06,7.434,10.36,10.36,5,4.16,3.431148208
MnSe2,0,127,120,120,1.55,2.55,2.55,54.938,78.96,78.96,7.434,9.7524,9.7524,5,4.02,3.591809159
MnSSe,0,127,100,120,1.55,2.58,2.55,54.938,32.06,78.96,7.434,10.36,9.7524,5,4.07,3.515890987
MnSeTe,0,127,120,140,1.55,2.55,2.1,54.938,78.96,127.6,7.434,9.7524,9,5,3.65,3.644298519
MnSeO,0,127,120,60,1.55,2.55,3.44,54.938,78.96,16,7.434,9.7524,13.618,5,4.45,3.163299284
MnTeO,0,127,140,60,1.55,2.1,3.44,54.938,127.6,16,7.434,9,13.618,5,4.34,3.292942154
MnTeCl,0,127,140,175,1.55,2.1,3.16,54.938,127.6,35.453,7.434,9,12.968,5,2.9,3.595728426
CrSeTe,1,200,120,140,1.66,2.55,2.1,52,78.96,127.6,6.7665,9.7524,9,5,2.93,3.459460978
CrSeCl,1,200,120,175,1.66,2.55,3.16,52,78.96,35.453,6.7665,9.7524,12.968,5,3.2,3.458552886
CrSeBr,1,200,120,185,1.66,2.55,2.96,52,78.96,79.904,6.7665,9.7524,11.8138,5,3.12,3.553032837
CrTeCl,1,200,140,175,1.66,2.1,3.16,52,127.6,35.453,6.7665,9,12.968,5,3.72,3.537825236
CrBr2,1,200,185,185,1.66,2.96,2.96,52,79.904,79.904,6.7665,11.8138,11.8138,5,5.43,3.763885288
CrBrI,1,200,185,198,1.66,2.96,2.66,52,79.904,126.9,6.7665,11.8138,10.451,5,5.42,3.884617412
CrTeO,1,200,140,60,1.66,2.1,3.44,52,127.6,16,6.7665,9,13.618,5,3.68,3.174021389
CrSeTe,0,200,120,140,1.66,2.55,2.1,52,78.96,127.6,6.7665,9.7524,9,5,2.97,3.510301835
CrSeCl,0,200,120,175,1.66,2.55,3.16,52,78.96,35.453,6.7665,9.7524,12.968,5,3.11,3.549949281
CrSeBr,0,200,120,185,1.66,2.55,2.96,52,78.96,79.904,6.7665,9.7524,11.8138,5,3.02,3.632761436
CrTeCl,0,200,140,175,1.66,2.1,3.16,52,127.6,35.453,6.7665,9,12.968,5,3.18,3.72052607
CrBr2,0,200,185,185,1.66,2.96,2.96,52,79.904,79.904,6.7665,11.8138,11.8138,5,6.39,3.967029041
CrBrI,0,200,185,198,1.66,2.96,2.66,52,79.904,126.9,6.7665,11.8138,10.451,5,5.84,3.736087215
CrTeO,0,200,140,60,1.66,2.1,3.44,52,127.6,16,6.7665,9,13.618,5,3.77,3.211297507
FeSBr,1,126,100,185,1.83,2.58,2.96,55.845,32.06,79.904,7.902,10.36,11.8138,6,4.57,3.474469167
FeBr2,1,126,185,185,1.83,2.96,2.96,55.845,79.904,79.904,7.902,11.8138,11.8138,6,3.09,3.607132283
FeSTe,1,126,100,140,1.83,2.58,2.1,55.845,32.06,127.6,7.902,10.36,9,6,4.16,3.37715209
FeSeO,1,126,120,60,1.83,2.55,3.44,55.845,78.96,16,7.902,9.7524,13.618,6,4.2,3.034965343
FeSeBr,1,126,120,185,1.83,2.55,2.96,55.845,78.96,79.904,7.902,9.7524,11.8138,6,5.16,3.486475778
FeBrCl,1,126,185,175,1.83,2.96,3.16,55.845,79.904,35.453,7.902,11.8138,12.968,6,3.17,3.519036076
FeClO,1,126,175,60,1.83,3.16,3.44,55.845,35.453,16,7.902,12.968,13.618,6,4.02,3.121597284
FeTeCl,1,126,140,175,1.83,2.1,3.16,55.845,127.6,35.453,7.902,9,12.968,6,6.01,3.479371336
FeBr2,0,126,185,185,1.83,2.96,2.96,55.845,79.904,79.904,7.902,11.8138,11.8138,6,5.69,3.762494618
FeSTe,0,126,100,140,1.83,2.58,2.1,55.845,32.06,127.6,7.902,10.36,9,6,3.73,3.326316469
FeSeO,0,126,120,60,1.83,2.55,3.44,55.845,78.96,16,7.902,9.7524,13.618,6,4.12,3.134242027
FeSeBr,0,126,120,185,1.83,2.55,2.96,55.845,78.96,79.904,7.902,9.7524,11.8138,6,5.25,3.480917209
FeBrCl,0,126,185,175,1.83,2.96,3.16,55.845,79.904,35.453,7.902,11.8138,12.968,6,5.4,3.664700815
FeS2,0,126,100,100,1.83,2.58,2.58,55.845,32.06,32.06,7.902,10.36,10.36,6,5.7,3.215998749
FeClO,0,126,175,60,1.83,3.16,3.44,55.845,35.453,16,7.902,12.968,13.618,6,3.83,3.210310337
CoClBr,1,200,175,185,1.88,3.16,2.96,58.933,35.453,79.904,7.881,12.968,11.8138,7,7.21,3.445672773
CoSTe,1,200,100,140,1.88,2.58,2.1,58.933,32.06,127.6,7.881,10.36,9,7,6.79,3.319673878
CoTeO,1,200,140,60,1.88,2.1,3.44,58.933,127.6,16,7.881,9,13.618,7,4.8,3.192860192
CoO2,1,200,60,60,1.88,3.44,3.44,58.933,16,16,7.881,13.618,13.618,7,5.05,2.717574317
CoBr2,1,200,185,185,1.88,2.96,2.96,58.933,79.904,79.904,7.881,11.8138,11.8138,7,6.71,3.534058664
CoSSe,1,200,100,120,1.88,2.58,2.55,58.933,32.06,78.96,7.881,10.36,9.7524,7,5.34,3.26305072
CoBrO,0,200,185,60,1.88,2.96,3.44,58.933,79.904,16,7.881,11.8138,13.618,7,5.93,3.145687773
CoTeO,0,200,140,60,1.88,2.1,3.44,58.933,127.6,16,7.881,9,13.618,7,5,3.186401029
CoSeI,0,200,120,198,1.88,2.55,2.66,58.933,78.96,126.9,7.881,9.7524,10.451,7,7.34,3.756676666
CoCl2,0,200,175,175,1.88,3.16,3.16,58.933,35.453,35.453,7.881,12.968,12.968,7,4.1,3.538626414
CoSSe,0,200,100,120,1.88,2.58,2.55,58.933,32.06,78.96,7.881,10.36,9.7524,7,5.32,3.480531328
CoClBr,0,200,175,185,1.88,3.16,2.96,58.933,35.453,79.904,7.881,12.968,11.8138,7,6.48,3.521794703
CoO2,0,200,60,60,1.88,3.44,3.44,58.933,16,16,7.881,13.618,13.618,7,5.45,2.757864399
CoSBr,0,200,100,185,1.88,2.58,2.96,58.933,32.06,79.904,7.881,10.36,11.8138,7,5.97,3.605313835
NiClBr,1,163,175,185,1.91,3.16,2.96,58.693,35.453,79.904,7.64,12.968,11.8138,8,5.47,3.437021311
NiSeCl,1,163,120,175,1.91,2.55,3.16,58.693,78.96,35.453,7.64,9.7524,12.968,8,7.3,3.38108348
NiBr2,1,163,185,185,1.91,2.96,2.96,58.693,79.904,79.904,7.64,11.8138,11.8138,8,5.56,3.59129745
NiSeTe,1,163,120,140,1.91,2.55,2.1,58.693,78.96,127.6,7.64,9.7524,9,8,5.87,3.386429639
NiBrO,1,163,185,60,1.91,2.96,3.44,58.693,79.904,16,7.64,11.8138,13.618,8,5.7,3.203929843
NiSeCl,0,163,120,175,1.91,2.55,3.16,58.693,78.96,35.453,7.64,9.7524,12.968,8,6.01,3.34332358
NiBr2,0,163,185,185,1.91,2.96,2.96,58.693,79.904,79.904,7.64,11.8138,11.8138,8,5.76,3.638192669
NiClBr,0,163,175,185,1.91,3.16,2.96,58.693,35.453,79.904,7.64,12.968,11.8138,8,5.9,3.553315494
NiTeI,0,163,140,198,1.91,2.1,2.66,58.693,127.6,126.9,7.64,9,10.451,8,7.01,3.710873492
NiBrO,0,163,185,60,1.91,2.96,3.44,58.693,79.904,16,7.64,11.8138,13.618,8,6.08,3.156037521
NbS2,1,215,100,100,1.6,2.58,2.58,92.906,32.06,32.06,6.7589,11.8138,11.8138,4,2.45,3.302428463
NbSSe,1,215,100,120,1.6,2.58,2.55,92.906,32.06,78.96,6.7589,11.8138,13.618,4,2.46,3.364497758
NbCl2,1,215,175,175,1.6,3.16,3.16,92.906,35.453,35.453,6.7589,12.968,12.968,4,3.07,3.129876811
NbBrI,1,215,185,198,1.6,2.96,2.66,92.906,79.904,126.9,6.7589,11.8138,10.451,4,2.99,3.418372815
NbSeCl,1,215,120,175,1.6,2.55,3.16,92.906,78.96,35.453,6.7589,9.7524,12.968,4,2.93,3.291187103
NbSeO,1,215,120,60,1.6,2.55,3.44,92.906,78.96,16,6.7589,9.7524,13.618,4,2.66,3.177187964
NbTe2,1,215,140,140,1.6,2.1,2.1,92.906,127.6,127.6,6.7589,9,9,4,2.44,3.648075423
NbS2,0,215,100,100,1.6,2.58,2.58,92.906,32.06,32.06,6.7589,11.8138,11.8138,4,2.89,3.307624522
NbSSe,0,215,100,120,1.6,2.58,2.55,92.906,32.06,78.96,6.7589,11.8138,13.618,4,2.88,3.361420445
NbCl2,0,215,175,175,1.6,3.16,3.16,92.906,35.453,35.453,6.7589,12.968,12.968,4,3.17,3.131326954
NbBrI,0,215,185,198,1.6,2.96,2.66,92.906,79.904,126.9,6.7589,11.8138,10.451,4,2.61,3.525845202
NbSeCl,0,215,120,175,1.6,2.55,3.16,92.906,78.96,35.453,6.7589,9.7524,12.968,4,3.04,3.231360079
NbSeO,0,215,120,60,1.6,2.55,3.44,92.906,78.96,16,6.7589,9.7524,13.618,4,2.67,3.283101928
NbTe2,0,215,140,140,1.6,2.1,2.1,92.906,127.6,127.6,6.7589,9,9,4,2.77,3.585341842
