Name,Ph,R1,R2,R3,El1,El2,El3,M1,M2,M3,Ei1,Ei2,Ei3,Nd,Uh
VS2,1,205,100,100,1.63,2.58,2.58,50.94,32.06,32.06,6.7462,10.36,10.36,3,4.3445606
VSe2,1,205,120,120,1.63,2.55,2.55,50.94,78.96,78.96,6.7462,9.7524,9.7524,3,4.432906
VTe2,1,205,140,140,1.63,2.1,2.1,50.94,127.6,127.6,6.7462,9,9,3,4.3677964
VSSe,1,205,100,120,1.63,2.58,2.55,50.94,32.06,78.96,6.7462,10.36,9.7524,3,4.5691533
VSTe,1,205,100,140,1.63,2.58,2.1,50.94,32.06,127.6,6.7462,10.36,9,3,5.294154
VSeTe,1,205,120,140,1.63,2.55,2.1,50.94,78.96,127.6,6.7462,9.7524,9,3,3.7317061
VI2,1,205,198,198,1.63,2.66,2.66,50.94,126.9,126.9,6.7462,10.451,10.451,3,5.0994387
VBr2,1,205,185,185,1.63,2.96,2.96,50.94,79.904,79.904,6.7462,11.8138,11.8138,3,5.4819746
VCl2,1,205,175,175,1.63,3.16,3.16,50.94,35.453,35.453,6.7462,12.968,12.968,3,3.6909044
VClBr,1,205,175,185,1.63,3.16,2.96,50.94,35.453,79.904,6.7462,12.968,11.8138,3,6.4968834
VClI,1,205,175,198,1.63,3.16,2.66,50.94,35.453,126.9,6.7462,12.968,10.451,3,6.633761
VBrI,1,205,185,198,1.63,2.96,2.66,50.94,79.904,126.9,6.7462,11.8138,10.451,3,6.152957
VSCl,1,205,100,175,1.63,2.58,3.16,50.94,32.06,35.453,6.7462,10.36,12.968,3,3.6942766
VSBr,1,205,100,185,1.63,2.58,2.96,50.94,32.06,79.904,6.7462,10.36,11.8138,3,3.7592103
VSI,1,205,100,198,1.63,2.58,2.66,50.94,32.06,126.9,6.7462,10.36,10.451,3,3.9529464
VSeCl,1,205,120,175,1.63,2.55,3.16,50.94,78.96,35.453,6.7462,9.7524,12.968,3,3.5536935
VSeBr,1,205,120,185,1.63,2.55,2.96,50.94,78.96,79.904,6.7462,9.7524,11.8138,3,3.6077812
VSeI,1,205,120,198,1.63,2.55,2.66,50.94,78.96,126.9,6.7462,9.7524,10.451,3,6.062155
VTeCl,1,205,140,175,1.63,2.1,3.16,50.94,127.6,35.453,6.7462,9,12.968,3,3.7277815
VTeBr,1,205,140,185,1.63,2.1,2.96,50.94,127.6,79.904,6.7462,9,11.8138,3,3.685278
VTeI,1,205,140,198,1.63,2.1,2.66,50.94,127.6,126.9,6.7462,9,10.451,3,4.748203
VO2,1,205,60,60,1.63,3.44,3.44,50.94,16,16,6.7462,13.618,13.618,3,4.7257905
VSO,1,205,100,60,1.63,2.58,3.44,50.94,32.06,16,6.7462,10.36,13.618,3,3.9922624
VSeO,1,205,120,60,1.63,2.55,3.44,50.94,78.96,16,6.7462,9.7524,13.618,3,4.4967055
VTeO,1,205,140,60,1.63,2.1,3.44,50.94,127.6,16,6.7462,9,13.618,3,4.6685615
VClO,1,205,175,60,1.63,3.16,3.44,50.94,35.453,16,6.7462,12.968,13.618,3,4.2213497
VBrO,1,205,185,60,1.63,2.96,3.44,50.94,79.904,16,6.7462,11.8138,13.618,3,5.333349
VIO,1,205,198,60,1.63,2.66,3.44,50.94,126.9,16,6.7462,10.451,13.618,3,5.188677
MnS2,1,127,100,100,1.55,2.58,2.58,54.938,32.06,32.06,7.434,10.36,10.36,5,4.522964
MnSe2,1,127,120,120,1.55,2.55,2.55,54.938,78.96,78.96,7.434,9.7524,9.7524,5,3.9740486
MnTe2,1,127,140,140,1.55,2.1,2.1,54.938,127.6,127.6,7.434,9,9,5,3.2951446
MnSSe,1,127,100,120,1.55,2.58,2.55,54.938,32.06,78.96,7.434,10.36,9.7524,5,4.076618
MnSTe,1,127,100,140,1.55,2.58,2.1,54.938,32.06,127.6,7.434,10.36,9,5,3.9324205
MnSeTe,1,127,120,140,1.55,2.55,2.1,54.938,78.96,127.6,7.434,9.7524,9,5,3.5000572
MnI2,1,127,198,198,1.55,2.66,2.66,54.938,126.9,126.9,7.434,10.451,10.451,5,4.652188
MnBr2,1,127,185,185,1.55,2.96,2.96,54.938,79.904,79.904,7.434,11.8138,11.8138,5,4.671367
MnCl2,1,127,175,175,1.55,3.16,3.16,54.938,35.453,35.453,7.434,12.968,12.968,5,4.973604
MnClBr,1,127,175,185,1.55,3.16,2.96,54.938,35.453,79.904,7.434,12.968,11.8138,5,4.983021
MnClI,1,127,175,198,1.55,3.16,2.66,54.938,35.453,126.9,7.434,12.968,10.451,5,4.487215
MnBrI,1,127,185,198,1.55,2.96,2.66,54.938,79.904,126.9,7.434,11.8138,10.451,5,4.552054
MnSCl,1,127,100,175,1.55,2.58,3.16,54.938,32.06,35.453,7.434,10.36,12.968,5,4.5128794
MnSBr,1,127,100,185,1.55,2.58,2.96,54.938,32.06,79.904,7.434,10.36,11.8138,5,4.4707
MnSI,1,127,100,198,1.55,2.58,2.66,54.938,32.06,126.9,7.434,10.36,10.451,5,4.5351243
MnSeCl,1,127,120,175,1.55,2.55,3.16,54.938,78.96,35.453,7.434,9.7524,12.968,5,5.1741276
MnSeBr,1,127,120,185,1.55,2.55,2.96,54.938,78.96,79.904,7.434,9.7524,11.8138,5,5.5683365
MnSeI,1,127,120,198,1.55,2.55,2.66,54.938,78.96,126.9,7.434,9.7524,10.451,5,5.753639
MnTeCl,1,127,140,175,1.55,2.1,3.16,54.938,127.6,35.453,7.434,9,12.968,5,4.1007648
MnTeBr,1,127,140,185,1.55,2.1,2.96,54.938,127.6,79.904,7.434,9,11.8138,5,4.679582
MnTeI,1,127,140,198,1.55,2.1,2.66,54.938,127.6,126.9,7.434,9,10.451,5,5.488555
MnO2,1,127,60,60,1.55,3.44,3.44,54.938,16,16,7.434,13.618,13.618,5,3.9593706
MnSO,1,127,100,60,1.55,2.58,3.44,54.938,32.06,16,7.434,10.36,13.618,5,3.9251955
MnSeO,1,127,120,60,1.55,2.55,3.44,54.938,78.96,16,7.434,9.7524,13.618,5,4.496423
MnTeO,1,127,140,60,1.55,2.1,3.44,54.938,127.6,16,7.434,9,13.618,5,4.4338284
MnClO,1,127,175,60,1.55,3.16,3.44,54.938,35.453,16,7.434,12.968,13.618,5,4.0983887
MnBrO,1,127,185,60,1.55,2.96,3.44,54.938,79.904,16,7.434,11.8138,13.618,5,5.179882
MnIO,1,127,198,60,1.55,2.66,3.44,54.938,126.9,16,7.434,10.451,13.618,5,5.097737
CrS2,1,200,100,100,1.66,2.58,2.58,52,32.06,32.06,6.7665,10.36,10.36,5,4.290423
CrSe2,1,200,120,120,1.66,2.55,2.55,52,78.96,78.96,6.7665,9.7524,9.7524,5,4.4407544
CrTe2,1,200,140,140,1.66,2.1,2.1,52,127.6,127.6,6.7665,9,9,5,4.3302746
CrSSe,1,200,100,120,1.66,2.58,2.55,52,32.06,78.96,6.7665,10.36,9.7524,5,4.5845404
CrSTe,1,200,100,140,1.66,2.58,2.1,52,32.06,127.6,6.7665,10.36,9,5,5.3079443
CrSeTe,1,200,120,140,1.66,2.55,2.1,52,78.96,127.6,6.7665,9.7524,9,5,3.6714995
CrI2,1,200,198,198,1.66,2.66,2.66,52,126.9,126.9,6.7665,10.451,10.451,5,5.098464
CrBr2,1,200,185,185,1.66,2.96,2.96,52,79.904,79.904,6.7665,11.8138,11.8138,5,5.7976904
CrCl2,1,200,175,175,1.66,3.16,3.16,52,35.453,35.453,6.7665,12.968,12.968,5,3.7635608
CrClBr,1,200,175,185,1.66,3.16,2.96,52,35.453,79.904,6.7665,12.968,11.8138,5,6.689763
CrClI,1,200,175,198,1.66,3.16,2.66,52,35.453,126.9,6.7665,12.968,10.451,5,6.52007
CrBrI,1,200,185,198,1.66,2.96,2.66,52,79.904,126.9,6.7665,11.8138,10.451,5,5.99967
CrSCl,1,200,100,175,1.66,2.58,3.16,52,32.06,35.453,6.7665,10.36,12.968,5,3.6692755
CrSBr,1,200,100,185,1.66,2.58,2.96,52,32.06,79.904,6.7665,10.36,11.8138,5,3.7661042
CrSI,1,200,100,198,1.66,2.58,2.66,52,32.06,126.9,6.7665,10.36,10.451,5,3.9900439
CrSeCl,1,200,120,175,1.66,2.55,3.16,52,78.96,35.453,6.7665,9.7524,12.968,5,3.609292
CrSeBr,1,200,120,185,1.66,2.55,2.96,52,78.96,79.904,6.7665,9.7524,11.8138,5,3.6455421
CrSeI,1,200,120,198,1.66,2.55,2.66,52,78.96,126.9,6.7665,9.7524,10.451,5,6.419489
CrTeCl,1,200,140,175,1.66,2.1,3.16,52,127.6,35.453,6.7665,9,12.968,5,3.7550995
CrTeBr,1,200,140,185,1.66,2.1,2.96,52,127.6,79.904,6.7665,9,11.8138,5,3.7066164
CrTeI,1,200,140,198,1.66,2.1,2.66,52,127.6,126.9,6.7665,9,10.451,5,5.1236997
CrO2,1,200,60,60,1.66,3.44,3.44,52,16,16,6.7665,13.618,13.618,5,4.704804
CrSO,1,200,100,60,1.66,2.58,3.44,52,32.06,16,6.7665,10.36,13.618,5,3.9784303
CrSeO,1,200,120,60,1.66,2.55,3.44,52,78.96,16,6.7665,9.7524,13.618,5,4.5084367
CrTeO,1,200,140,60,1.66,2.1,3.44,52,127.6,16,6.7665,9,13.618,5,4.6507654
CrClO,1,200,175,60,1.66,3.16,3.44,52,35.453,16,6.7665,12.968,13.618,5,4.225406
CrBrO,1,200,185,60,1.66,2.96,3.44,52,79.904,16,6.7665,11.8138,13.618,5,5.340669
CrIO,1,200,198,60,1.66,2.66,3.44,52,126.9,16,6.7665,10.451,13.618,5,5.172452
FeS2,1,126,100,100,1.83,2.58,2.58,55.845,32.06,32.06,7.902,10.36,10.36,6,4.523106
FeSe2,1,126,120,120,1.83,2.55,2.55,55.845,78.96,78.96,7.902,9.7524,9.7524,6,3.9492059
FeTe2,1,126,140,140,1.83,2.1,2.1,55.845,127.6,127.6,7.902,9,9,6,3.261549
FeSSe,1,126,100,120,1.83,2.58,2.55,55.845,32.06,78.96,7.902,10.36,9.7524,6,4.050271
FeSTe,1,126,100,140,1.83,2.58,2.1,55.845,32.06,127.6,7.902,10.36,9,6,3.9102144
FeSeTe,1,126,120,140,1.83,2.55,2.1,55.845,78.96,127.6,7.902,9.7524,9,6,3.4585462
FeI2,1,126,198,198,1.83,2.66,2.66,55.845,126.9,126.9,7.902,10.451,10.451,6,4.62483
FeBr2,1,126,185,185,1.83,2.96,2.96,55.845,79.904,79.904,7.902,11.8138,11.8138,6,4.6684875
FeCl2,1,126,175,175,1.83,3.16,3.16,55.845,35.453,35.453,7.902,12.968,12.968,6,4.9699574
FeClBr,1,126,175,185,1.83,3.16,2.96,55.845,35.453,79.904,7.902,12.968,11.8138,6,4.9396124
FeClI,1,126,175,198,1.83,3.16,2.66,55.845,35.453,126.9,7.902,12.968,10.451,6,4.4468775
FeBrI,1,126,185,198,1.83,2.96,2.66,55.845,79.904,126.9,7.902,11.8138,10.451,6,4.5326285
FeSCl,1,126,100,175,1.83,2.58,3.16,55.845,32.06,35.453,7.902,10.36,12.968,6,4.5312643
FeSBr,1,126,100,185,1.83,2.58,2.96,55.845,32.06,79.904,7.902,10.36,11.8138,6,4.4384093
FeSI,1,126,100,198,1.83,2.58,2.66,55.845,32.06,126.9,7.902,10.36,10.451,6,4.4654074
FeSeCl,1,126,120,175,1.83,2.55,3.16,55.845,78.96,35.453,7.902,9.7524,12.968,6,5.168366
FeSeBr,1,126,120,185,1.83,2.55,2.96,55.845,78.96,79.904,7.902,9.7524,11.8138,6,5.510053
FeSeI,1,126,120,198,1.83,2.55,2.66,55.845,78.96,126.9,7.902,9.7524,10.451,6,5.6681323
FeTeCl,1,126,140,175,1.83,2.1,3.16,55.845,127.6,35.453,7.902,9,12.968,6,4.10336
FeTeBr,1,126,140,185,1.83,2.1,2.96,55.845,127.6,79.904,7.902,9,11.8138,6,4.699579
FeTeI,1,126,140,198,1.83,2.1,2.66,55.845,127.6,126.9,7.902,9,10.451,6,5.386769
FeO2,1,126,60,60,1.83,3.44,3.44,55.845,16,16,7.902,13.618,13.618,6,3.89435
FeSO,1,126,100,60,1.83,2.58,3.44,55.845,32.06,16,7.902,10.36,13.618,6,3.858896
FeSeO,1,126,120,60,1.83,2.55,3.44,55.845,78.96,16,7.902,9.7524,13.618,6,4.483029
FeTeO,1,126,140,60,1.83,2.1,3.44,55.845,127.6,16,7.902,9,13.618,6,4.4306035
FeClO,1,126,175,60,1.83,3.16,3.44,55.845,35.453,16,7.902,12.968,13.618,6,4.074303
FeBrO,1,126,185,60,1.83,2.96,3.44,55.845,79.904,16,7.902,11.8138,13.618,6,5.166539
FeIO,1,126,198,60,1.83,2.66,3.44,55.845,126.9,16,7.902,10.451,13.618,6,5.0957866
CoS2,1,200,100,100,1.88,2.58,2.58,58.933,32.06,32.06,7.881,10.36,10.36,7,4.135942
CoSe2,1,200,120,120,1.88,2.55,2.55,58.933,78.96,78.96,7.881,9.7524,9.7524,7,4.363557
CoTe2,1,200,140,140,1.88,2.1,2.1,58.933,127.6,127.6,7.881,9,9,7,4.1360583
CoSSe,1,200,100,120,1.88,2.58,2.55,58.933,32.06,78.96,7.881,10.36,9.7524,7,4.579589
CoSTe,1,200,100,140,1.88,2.58,2.1,58.933,32.06,127.6,7.881,10.36,9,7,5.484255
CoSeTe,1,200,120,140,1.88,2.55,2.1,58.933,78.96,127.6,7.881,9.7524,9,7,3.416012
CoI2,1,200,198,198,1.88,2.66,2.66,58.933,126.9,126.9,7.881,10.451,10.451,7,4.93641
CoBr2,1,200,185,185,1.88,2.96,2.96,58.933,79.904,79.904,7.881,11.8138,11.8138,7,5.7459946
CoCl2,1,200,175,175,1.88,3.16,3.16,58.933,35.453,35.453,7.881,12.968,12.968,7,3.674286
CoClBr,1,200,175,185,1.88,3.16,2.96,58.933,35.453,79.904,7.881,12.968,11.8138,7,6.682963
CoClI,1,200,175,198,1.88,3.16,2.66,58.933,35.453,126.9,7.881,12.968,10.451,7,6.2285614
CoBrI,1,200,185,198,1.88,2.96,2.66,58.933,79.904,126.9,7.881,11.8138,10.451,7,5.768913
CoSCl,1,200,100,175,1.88,2.58,3.16,58.933,32.06,35.453,7.881,10.36,12.968,7,3.6295693
CoSBr,1,200,100,185,1.88,2.58,2.96,58.933,32.06,79.904,7.881,10.36,11.8138,7,3.7319462
CoSI,1,200,100,198,1.88,2.58,2.66,58.933,32.06,126.9,7.881,10.36,10.451,7,3.9037201
CoSeCl,1,200,120,175,1.88,2.55,3.16,58.933,78.96,35.453,7.881,9.7524,12.968,7,3.6004694
CoSeBr,1,200,120,185,1.88,2.55,2.96,58.933,78.96,79.904,7.881,9.7524,11.8138,7,3.6478179
CoSeI,1,200,120,198,1.88,2.55,2.66,58.933,78.96,126.9,7.881,9.7524,10.451,7,6.5714107
CoTeCl,1,200,140,175,1.88,2.1,3.16,58.933,127.6,35.453,7.881,9,12.968,7,3.736865
CoTeBr,1,200,140,185,1.88,2.1,2.96,58.933,127.6,79.904,7.881,9,11.8138,7,3.7110522
CoTeI,1,200,140,198,1.88,2.1,2.66,58.933,127.6,126.9,7.881,9,10.451,7,5.3546524
CoO2,1,200,60,60,1.88,3.44,3.44,58.933,16,16,7.881,13.618,13.618,7,4.7119927
CoSO,1,200,100,60,1.88,2.58,3.44,58.933,32.06,16,7.881,10.36,13.618,7,3.8799613
CoSeO,1,200,120,60,1.88,2.55,3.44,58.933,78.96,16,7.881,9.7524,13.618,7,4.288085
CoTeO,1,200,140,60,1.88,2.1,3.44,58.933,127.6,16,7.881,9,13.618,7,4.5522056
CoClO,1,200,175,60,1.88,3.16,3.44,58.933,35.453,16,7.881,12.968,13.618,7,4.1314883
CoBrO,1,200,185,60,1.88,2.96,3.44,58.933,79.904,16,7.881,11.8138,13.618,7,5.314039
CoIO,1,200,198,60,1.88,2.66,3.44,58.933,126.9,16,7.881,10.451,13.618,7,5.1472435
NiS2,1,163,100,100,1.91,2.58,2.58,58.693,32.06,32.06,7.64,10.36,10.36,8,4.034308
NiSe2,1,163,120,120,1.91,2.55,2.55,58.693,78.96,78.96,7.64,9.7524,9.7524,8,4.2585177
NiTe2,1,163,140,140,1.91,2.1,2.1,58.693,127.6,127.6,7.64,9,9,8,3.5118933
NiSSe,1,163,100,120,1.91,2.58,2.55,58.693,32.06,78.96,7.64,10.36,9.7524,8,4.0689964
NiSTe,1,163,100,140,1.91,2.58,2.1,58.693,32.06,127.6,7.64,10.36,9,8,4.5309153
NiSeTe,1,163,120,140,1.91,2.55,2.1,58.693,78.96,127.6,7.64,9.7524,9,8,3.4594262
NiI2,1,163,198,198,1.91,2.66,2.66,58.693,126.9,126.9,7.64,10.451,10.451,8,4.9527
NiBr2,1,163,185,185,1.91,2.96,2.96,58.693,79.904,79.904,7.64,11.8138,11.8138,8,5.266247
NiCl2,1,163,175,175,1.91,3.16,3.16,58.693,35.453,35.453,7.64,12.968,12.968,8,4.8812737
NiClBr,1,163,175,185,1.91,3.16,2.96,58.693,35.453,79.904,7.64,12.968,11.8138,8,5.946951
NiClI,1,163,175,198,1.91,3.16,2.66,58.693,35.453,126.9,7.64,12.968,10.451,8,5.1078806
NiBrI,1,163,185,198,1.91,2.96,2.66,58.693,79.904,126.9,7.64,11.8138,10.451,8,4.948298
NiSCl,1,163,100,175,1.91,2.58,3.16,58.693,32.06,35.453,7.64,10.36,12.968,8,3.6580727
NiSBr,1,163,100,185,1.91,2.58,2.96,58.693,32.06,79.904,7.64,10.36,11.8138,8,4.497993
NiSI,1,163,100,198,1.91,2.58,2.66,58.693,32.06,126.9,7.64,10.36,10.451,8,4.583908
NiSeCl,1,163,120,175,1.91,2.55,3.16,58.693,78.96,35.453,7.64,9.7524,12.968,8,5.596473
NiSeBr,1,163,120,185,1.91,2.55,2.96,58.693,78.96,79.904,7.64,9.7524,11.8138,8,6.100125
NiSeI,1,163,120,198,1.91,2.55,2.66,58.693,78.96,126.9,7.64,9.7524,10.451,8,6.58648
NiTeCl,1,163,140,175,1.91,2.1,3.16,58.693,127.6,35.453,7.64,9,12.968,8,4.028388
NiTeBr,1,163,140,185,1.91,2.1,2.96,58.693,127.6,79.904,7.64,9,11.8138,8,4.312245
NiTeI,1,163,140,198,1.91,2.1,2.66,58.693,127.6,126.9,7.64,9,10.451,8,6.516773
NiO2,1,163,60,60,1.91,3.44,3.44,58.693,16,16,7.64,13.618,13.618,8,4.5481553
NiSO,1,163,100,60,1.91,2.58,3.44,58.693,32.06,16,7.64,10.36,13.618,8,3.8173857
NiSeO,1,163,120,60,1.91,2.55,3.44,58.693,78.96,16,7.64,9.7524,13.618,8,4.3844047
NiTeO,1,163,140,60,1.91,2.1,3.44,58.693,127.6,16,7.64,9,13.618,8,4.467507
NiClO,1,163,175,60,1.91,3.16,3.44,58.693,35.453,16,7.64,12.968,13.618,8,4.184811
NiBrO,1,163,185,60,1.91,2.96,3.44,58.693,79.904,16,7.64,11.8138,13.618,8,5.3055763
NiIO,1,163,198,60,1.91,2.66,3.44,58.693,126.9,16,7.64,10.451,13.618,8,5.071144
NbS2,1,215,100,100,1.6,2.58,2.58,92.906,32.06,32.06,6.7589,10.36,10.36,4,2.8544898
NbSe2,1,215,120,120,1.6,2.55,2.55,92.906,78.96,78.96,6.7589,9.7524,9.7524,4,2.8512464
NbTe2,1,215,140,140,1.6,2.1,2.1,92.906,127.6,127.6,6.7589,9,9,4,2.7615206
NbSSe,1,215,100,120,1.6,2.58,2.55,92.906,32.06,78.96,6.7589,10.36,9.7524,4,2.726458
NbSTe,1,215,100,140,1.6,2.58,2.1,92.906,32.06,127.6,6.7589,10.36,9,4,3.3913383
NbSeTe,1,215,120,140,1.6,2.55,2.1,92.906,78.96,127.6,6.7589,9.7524,9,4,2.6864457
NbI2,1,215,198,198,1.6,2.66,2.66,92.906,126.9,126.9,6.7589,10.451,10.451,4,3.399634
NbBr2,1,215,185,185,1.6,2.96,2.96,92.906,79.904,79.904,6.7589,11.8138,11.8138,4,3.2216282
NbCl2,1,215,175,175,1.6,3.16,3.16,92.906,35.453,35.453,6.7589,12.968,12.968,4,3.0404015
NbClBr,1,215,175,185,1.6,3.16,2.96,92.906,35.453,79.904,6.7589,12.968,11.8138,4,3.0679302
NbClI,1,215,175,198,1.6,3.16,2.66,92.906,35.453,126.9,6.7589,12.968,10.451,4,3.0269973
NbBrI,1,215,185,198,1.6,2.96,2.66,92.906,79.904,126.9,6.7589,11.8138,10.451,4,2.9660354
NbSCl,1,215,100,175,1.6,2.58,3.16,92.906,32.06,35.453,6.7589,10.36,12.968,4,3.3037708
NbSBr,1,215,100,185,1.6,2.58,2.96,92.906,32.06,79.904,6.7589,10.36,11.8138,4,3.3187585
NbSI,1,215,100,198,1.6,2.58,2.66,92.906,32.06,126.9,6.7589,10.36,10.451,4,3.177189
NbSeCl,1,215,120,175,1.6,2.55,3.16,92.906,78.96,35.453,6.7589,9.7524,12.968,4,3.1957178
NbSeBr,1,215,120,185,1.6,2.55,2.96,92.906,78.96,79.904,6.7589,9.7524,11.8138,4,3.0879428
NbSeI,1,215,120,198,1.6,2.55,2.66,92.906,78.96,126.9,6.7589,9.7524,10.451,4,3.293746
NbTeCl,1,215,140,175,1.6,2.1,3.16,92.906,127.6,35.453,6.7589,9,12.968,4,3.4392405
NbTeBr,1,215,140,185,1.6,2.1,2.96,92.906,127.6,79.904,6.7589,9,11.8138,4,3.4408135
NbTeI,1,215,140,198,1.6,2.1,2.66,92.906,127.6,126.9,6.7589,9,10.451,4,3.5932832
NbO2,1,215,60,60,1.6,3.44,3.44,92.906,16,16,6.7589,13.618,13.618,4,3.4414642
NbSO,1,215,100,60,1.6,2.58,3.44,92.906,32.06,16,6.7589,10.36,13.618,4,2.7198436
NbSeO,1,215,120,60,1.6,2.55,3.44,92.906,78.96,16,6.7589,9.7524,13.618,4,2.7630262
NbTeO,1,215,140,60,1.6,2.1,3.44,92.906,127.6,16,6.7589,9,13.618,4,3.7179797
NbClO,1,215,175,60,1.6,3.16,3.44,92.906,35.453,16,6.7589,12.968,13.618,4,2.9241312
NbBrO,1,215,185,60,1.6,2.96,3.44,92.906,79.904,16,6.7589,11.8138,13.618,4,3.4782956
NbIO,1,215,198,60,1.6,2.66,3.44,92.906,126.9,16,6.7589,10.451,13.618,4,4.3983946
VS2,0,205,100,100,1.63,2.58,2.58,50.94,32.06,32.06,6.7462,10.36,10.36,3,4.3414917
VSe2,0,205,120,120,1.63,2.55,2.55,50.94,78.96,78.96,6.7462,9.7524,9.7524,3,4.4275074
VTe2,0,205,140,140,1.63,2.1,2.1,50.94,127.6,127.6,6.7462,9,9,3,4.368283
VSSe,0,205,100,120,1.63,2.58,2.55,50.94,32.06,78.96,6.7462,10.36,9.7524,3,4.559101
VSTe,0,205,100,140,1.63,2.58,2.1,50.94,32.06,127.6,6.7462,10.36,9,3,5.289897
VSeTe,0,205,120,140,1.63,2.55,2.1,50.94,78.96,127.6,6.7462,9.7524,9,3,3.7330065
VI2,0,205,198,198,1.63,2.66,2.66,50.94,126.9,126.9,6.7462,10.451,10.451,3,5.142924
VBr2,0,205,185,185,1.63,2.96,2.96,50.94,79.904,79.904,6.7462,11.8138,11.8138,3,5.529414
VCl2,0,205,175,175,1.63,3.16,3.16,50.94,35.453,35.453,6.7462,12.968,12.968,3,3.7083476
VClBr,0,205,175,185,1.63,3.16,2.96,50.94,35.453,79.904,6.7462,12.968,11.8138,3,6.526368
VClI,0,205,175,198,1.63,3.16,2.66,50.94,35.453,126.9,6.7462,12.968,10.451,3,6.6415863
VBrI,0,205,185,198,1.63,2.96,2.66,50.94,79.904,126.9,6.7462,11.8138,10.451,3,6.1743245
VSCl,0,205,100,175,1.63,2.58,3.16,50.94,32.06,35.453,6.7462,10.36,12.968,3,3.6949103
VSBr,0,205,100,185,1.63,2.58,2.96,50.94,32.06,79.904,6.7462,10.36,11.8138,3,3.7561111
VSI,0,205,100,198,1.63,2.58,2.66,50.94,32.06,126.9,6.7462,10.36,10.451,3,3.9461992
VSeCl,0,205,120,175,1.63,2.55,3.16,50.94,78.96,35.453,6.7462,9.7524,12.968,3,3.557543
VSeBr,0,205,120,185,1.63,2.55,2.96,50.94,78.96,79.904,6.7462,9.7524,11.8138,3,3.6084857
VSeI,0,205,120,198,1.63,2.55,2.66,50.94,78.96,126.9,6.7462,9.7524,10.451,3,6.0908337
VTeCl,0,205,140,175,1.63,2.1,3.16,50.94,127.6,35.453,6.7462,9,12.968,3,3.7249134
VTeBr,0,205,140,185,1.63,2.1,2.96,50.94,127.6,79.904,6.7462,9,11.8138,3,3.6833048
VTeI,0,205,140,198,1.63,2.1,2.66,50.94,127.6,126.9,6.7462,9,10.451,3,4.7871118
VO2,0,205,60,60,1.63,3.44,3.44,50.94,16,16,6.7462,13.618,13.618,3,4.724036
VSO,0,205,100,60,1.63,2.58,3.44,50.94,32.06,16,6.7462,10.36,13.618,3,4.003232
VSeO,0,205,120,60,1.63,2.55,3.44,50.94,78.96,16,6.7462,9.7524,13.618,3,4.503462
VTeO,0,205,140,60,1.63,2.1,3.44,50.94,127.6,16,6.7462,9,13.618,3,4.667854
VClO,0,205,175,60,1.63,3.16,3.44,50.94,35.453,16,6.7462,12.968,13.618,3,4.221084
VBrO,0,205,185,60,1.63,2.96,3.44,50.94,79.904,16,6.7462,11.8138,13.618,3,5.3302317
VIO,0,205,198,60,1.63,2.66,3.44,50.94,126.9,16,6.7462,10.451,13.618,3,5.1964097
MnS2,0,127,100,100,1.55,2.58,2.58,54.938,32.06,32.06,7.434,10.36,10.36,5,4.5307217
MnSe2,0,127,120,120,1.55,2.55,2.55,54.938,78.96,78.96,7.434,9.7524,9.7524,5,3.978134
MnTe2,0,127,140,140,1.55,2.1,2.1,54.938,127.6,127.6,7.434,9,9,5,3.3028302
MnSSe,0,127,100,120,1.55,2.58,2.55,54.938,32.06,78.96,7.434,10.36,9.7524,5,4.1083226
MnSTe,0,127,100,140,1.55,2.58,2.1,54.938,32.06,127.6,7.434,10.36,9,5,3.9381018
MnSeTe,0,127,120,140,1.55,2.55,2.1,54.938,78.96,127.6,7.434,9.7524,9,5,3.5093265
MnI2,0,127,198,198,1.55,2.66,2.66,54.938,126.9,126.9,7.434,10.451,10.451,5,4.6429663
MnBr2,0,127,185,185,1.55,2.96,2.96,54.938,79.904,79.904,7.434,11.8138,11.8138,5,4.6697464
MnCl2,0,127,175,175,1.55,3.16,3.16,54.938,35.453,35.453,7.434,12.968,12.968,5,4.9607763
MnClBr,0,127,175,185,1.55,3.16,2.96,54.938,35.453,79.904,7.434,12.968,11.8138,5,4.9513183
MnClI,0,127,175,198,1.55,3.16,2.66,54.938,35.453,126.9,7.434,12.968,10.451,5,4.478515
MnBrI,0,127,185,198,1.55,2.96,2.66,54.938,79.904,126.9,7.434,11.8138,10.451,5,4.5513783
MnSCl,0,127,100,175,1.55,2.58,3.16,54.938,32.06,35.453,7.434,10.36,12.968,5,4.516909
MnSBr,0,127,100,185,1.55,2.58,2.96,54.938,32.06,79.904,7.434,10.36,11.8138,5,4.465537
MnSI,0,127,100,198,1.55,2.58,2.66,54.938,32.06,126.9,7.434,10.36,10.451,5,4.5483823
MnSeCl,0,127,120,175,1.55,2.55,3.16,54.938,78.96,35.453,7.434,9.7524,12.968,5,5.177007
MnSeBr,0,127,120,185,1.55,2.55,2.96,54.938,78.96,79.904,7.434,9.7524,11.8138,5,5.573652
MnSeI,0,127,120,198,1.55,2.55,2.66,54.938,78.96,126.9,7.434,9.7524,10.451,5,5.7625866
MnTeCl,0,127,140,175,1.55,2.1,3.16,54.938,127.6,35.453,7.434,9,12.968,5,4.1024666
MnTeBr,0,127,140,185,1.55,2.1,2.96,54.938,127.6,79.904,7.434,9,11.8138,5,4.672161
MnTeI,0,127,140,198,1.55,2.1,2.66,54.938,127.6,126.9,7.434,9,10.451,5,5.5047593
MnO2,0,127,60,60,1.55,3.44,3.44,54.938,16,16,7.434,13.618,13.618,5,3.9948602
MnSO,0,127,100,60,1.55,2.58,3.44,54.938,32.06,16,7.434,10.36,13.618,5,3.9310615
MnSeO,0,127,120,60,1.55,2.55,3.44,54.938,78.96,16,7.434,9.7524,13.618,5,4.4951243
MnTeO,0,127,140,60,1.55,2.1,3.44,54.938,127.6,16,7.434,9,13.618,5,4.42981
MnClO,0,127,175,60,1.55,3.16,3.44,54.938,35.453,16,7.434,12.968,13.618,5,4.0933127
MnBrO,0,127,185,60,1.55,2.96,3.44,54.938,79.904,16,7.434,11.8138,13.618,5,5.176303
MnIO,0,127,198,60,1.55,2.66,3.44,54.938,126.9,16,7.434,10.451,13.618,5,5.1022077
CrS2,0,200,100,100,1.66,2.58,2.58,52,32.06,32.06,6.7665,10.36,10.36,5,4.2914877
CrSe2,0,200,120,120,1.66,2.55,2.55,52,78.96,78.96,6.7665,9.7524,9.7524,5,4.4341264
CrTe2,0,200,140,140,1.66,2.1,2.1,52,127.6,127.6,6.7665,9,9,5,4.328018
CrSSe,0,200,100,120,1.66,2.58,2.55,52,32.06,78.96,6.7665,10.36,9.7524,5,4.573939
CrSTe,0,200,100,140,1.66,2.58,2.1,52,32.06,127.6,6.7665,10.36,9,5,5.300844
CrSeTe,0,200,120,140,1.66,2.55,2.1,52,78.96,127.6,6.7665,9.7524,9,5,3.6767924
CrI2,0,200,198,198,1.66,2.66,2.66,52,126.9,126.9,6.7665,10.451,10.451,5,5.1410556
CrBr2,0,200,185,185,1.66,2.96,2.96,52,79.904,79.904,6.7665,11.8138,11.8138,5,5.8269196
CrCl2,0,200,175,175,1.66,3.16,3.16,52,35.453,35.453,6.7665,12.968,12.968,5,3.7815824
CrClBr,0,200,175,185,1.66,3.16,2.96,52,35.453,79.904,6.7665,12.968,11.8138,5,6.7147064
CrClI,0,200,175,198,1.66,3.16,2.66,52,35.453,126.9,6.7665,12.968,10.451,5,6.52775
CrBrI,0,200,185,198,1.66,2.96,2.66,52,79.904,126.9,6.7665,11.8138,10.451,5,6.020193
CrSCl,0,200,100,175,1.66,2.58,3.16,52,32.06,35.453,6.7665,10.36,12.968,5,3.6697564
CrSBr,0,200,100,185,1.66,2.58,2.96,52,32.06,79.904,6.7665,10.36,11.8138,5,3.7651193
CrSI,0,200,100,198,1.66,2.58,2.66,52,32.06,126.9,6.7665,10.36,10.451,5,3.9793508
CrSeCl,0,200,120,175,1.66,2.55,3.16,52,78.96,35.453,6.7665,9.7524,12.968,5,3.6149623
CrSeBr,0,200,120,185,1.66,2.55,2.96,52,78.96,79.904,6.7665,9.7524,11.8138,5,3.6525455
CrSeI,0,200,120,198,1.66,2.55,2.66,52,78.96,126.9,6.7665,9.7524,10.451,5,6.443894
CrTeCl,0,200,140,175,1.66,2.1,3.16,52,127.6,35.453,6.7665,9,12.968,5,3.7534711
CrTeBr,0,200,140,185,1.66,2.1,2.96,52,127.6,79.904,6.7665,9,11.8138,5,3.7046437
CrTeI,0,200,140,198,1.66,2.1,2.66,52,127.6,126.9,6.7665,9,10.451,5,5.171238
CrO2,0,200,60,60,1.66,3.44,3.44,52,16,16,6.7665,13.618,13.618,5,4.702493
CrSO,0,200,100,60,1.66,2.58,3.44,52,32.06,16,6.7665,10.36,13.618,5,3.9835768
CrSeO,0,200,120,60,1.66,2.55,3.44,52,78.96,16,6.7665,9.7524,13.618,5,4.509204
CrTeO,0,200,140,60,1.66,2.1,3.44,52,127.6,16,6.7665,9,13.618,5,4.6514063
CrClO,0,200,175,60,1.66,3.16,3.44,52,35.453,16,6.7665,12.968,13.618,5,4.225698
CrBrO,0,200,185,60,1.66,2.96,3.44,52,79.904,16,6.7665,11.8138,13.618,5,5.3385987
CrIO,0,200,198,60,1.66,2.66,3.44,52,126.9,16,6.7665,10.451,13.618,5,5.1818705
FeS2,0,126,100,100,1.83,2.58,2.58,55.845,32.06,32.06,7.902,10.36,10.36,6,4.5291758
FeSe2,0,126,120,120,1.83,2.55,2.55,55.845,78.96,78.96,7.902,9.7524,9.7524,6,3.9534142
FeTe2,0,126,140,140,1.83,2.1,2.1,55.845,127.6,127.6,7.902,9,9,6,3.2688956
FeSSe,0,126,100,120,1.83,2.58,2.55,55.845,32.06,78.96,7.902,10.36,9.7524,6,4.0796266
FeSTe,0,126,100,140,1.83,2.58,2.1,55.845,32.06,127.6,7.902,10.36,9,6,3.9206707
FeSeTe,0,126,120,140,1.83,2.55,2.1,55.845,78.96,127.6,7.902,9.7524,9,6,3.4752471
FeI2,0,126,198,198,1.83,2.66,2.66,55.845,126.9,126.9,7.902,10.451,10.451,6,4.6161175
FeBr2,0,126,185,185,1.83,2.96,2.96,55.845,79.904,79.904,7.902,11.8138,11.8138,6,4.666721
FeCl2,0,126,175,175,1.83,3.16,3.16,55.845,35.453,35.453,7.902,12.968,12.968,6,4.9569674
FeClBr,0,126,175,185,1.83,3.16,2.96,55.845,35.453,79.904,7.902,12.968,11.8138,6,4.9089413
FeClI,0,126,175,198,1.83,3.16,2.66,55.845,35.453,126.9,7.902,12.968,10.451,6,4.4395466
FeBrI,0,126,185,198,1.83,2.96,2.66,55.845,79.904,126.9,7.902,11.8138,10.451,6,4.532281
FeSCl,0,126,100,175,1.83,2.58,3.16,55.845,32.06,35.453,7.902,10.36,12.968,6,4.5341616
FeSBr,0,126,100,185,1.83,2.58,2.96,55.845,32.06,79.904,7.902,10.36,11.8138,6,4.434534
FeSI,0,126,100,198,1.83,2.58,2.66,55.845,32.06,126.9,7.902,10.36,10.451,6,4.478257
FeSeCl,0,126,120,175,1.83,2.55,3.16,55.845,78.96,35.453,7.902,9.7524,12.968,6,5.1721997
FeSeBr,0,126,120,185,1.83,2.55,2.96,55.845,78.96,79.904,7.902,9.7524,11.8138,6,5.510093
FeSeI,0,126,120,198,1.83,2.55,2.66,55.845,78.96,126.9,7.902,9.7524,10.451,6,5.6770825
FeTeCl,0,126,140,175,1.83,2.1,3.16,55.845,127.6,35.453,7.902,9,12.968,6,4.106046
FeTeBr,0,126,140,185,1.83,2.1,2.96,55.845,127.6,79.904,7.902,9,11.8138,6,4.686796
FeTeI,0,126,140,198,1.83,2.1,2.66,55.845,127.6,126.9,7.902,9,10.451,6,5.407193
FeO2,0,126,60,60,1.83,3.44,3.44,55.845,16,16,7.902,13.618,13.618,6,3.923574
FeSO,0,126,100,60,1.83,2.58,3.44,55.845,32.06,16,7.902,10.36,13.618,6,3.8613815
FeSeO,0,126,120,60,1.83,2.55,3.44,55.845,78.96,16,7.902,9.7524,13.618,6,4.4820604
FeTeO,0,126,140,60,1.83,2.1,3.44,55.845,127.6,16,7.902,9,13.618,6,4.426532
FeClO,0,126,175,60,1.83,3.16,3.44,55.845,35.453,16,7.902,12.968,13.618,6,4.0688643
FeBrO,0,126,185,60,1.83,2.96,3.44,55.845,79.904,16,7.902,11.8138,13.618,6,5.163202
FeIO,0,126,198,60,1.83,2.66,3.44,55.845,126.9,16,7.902,10.451,13.618,6,5.0991745
CoS2,0,200,100,100,1.88,2.58,2.58,58.933,32.06,32.06,7.881,10.36,10.36,7,4.1472588
CoSe2,0,200,120,120,1.88,2.55,2.55,58.933,78.96,78.96,7.881,9.7524,9.7524,7,4.357861
CoTe2,0,200,140,140,1.88,2.1,2.1,58.933,127.6,127.6,7.881,9,9,7,4.132023
CoSSe,0,200,100,120,1.88,2.58,2.55,58.933,32.06,78.96,7.881,10.36,9.7524,7,4.5716367
CoSTe,0,200,100,140,1.88,2.58,2.1,58.933,32.06,127.6,7.881,10.36,9,7,5.4782553
CoSeTe,0,200,120,140,1.88,2.55,2.1,58.933,78.96,127.6,7.881,9.7524,9,7,3.4194438
CoI2,0,200,198,198,1.88,2.66,2.66,58.933,126.9,126.9,7.881,10.451,10.451,7,4.9802103
CoBr2,0,200,185,185,1.88,2.96,2.96,58.933,79.904,79.904,7.881,11.8138,11.8138,7,5.783344
CoCl2,0,200,175,175,1.88,3.16,3.16,58.933,35.453,35.453,7.881,12.968,12.968,7,3.6976392
CoClBr,0,200,175,185,1.88,3.16,2.96,58.933,35.453,79.904,7.881,12.968,11.8138,7,6.713127
CoClI,0,200,175,198,1.88,3.16,2.66,58.933,35.453,126.9,7.881,12.968,10.451,7,6.2392282
CoBrI,0,200,185,198,1.88,2.96,2.66,58.933,79.904,126.9,7.881,11.8138,10.451,7,5.812817
CoSCl,0,200,100,175,1.88,2.58,3.16,58.933,32.06,35.453,7.881,10.36,12.968,7,3.6316319
CoSBr,0,200,100,185,1.88,2.58,2.96,58.933,32.06,79.904,7.881,10.36,11.8138,7,3.7328193
CoSI,0,200,100,198,1.88,2.58,2.66,58.933,32.06,126.9,7.881,10.36,10.451,7,3.890063
CoSeCl,0,200,120,175,1.88,2.55,3.16,58.933,78.96,35.453,7.881,9.7524,12.968,7,3.6075163
CoSeBr,0,200,120,185,1.88,2.55,2.96,58.933,78.96,79.904,7.881,9.7524,11.8138,7,3.6632268
CoSeI,0,200,120,198,1.88,2.55,2.66,58.933,78.96,126.9,7.881,9.7524,10.451,7,6.5921683
CoTeCl,0,200,140,175,1.88,2.1,3.16,58.933,127.6,35.453,7.881,9,12.968,7,3.7359674
CoTeBr,0,200,140,185,1.88,2.1,2.96,58.933,127.6,79.904,7.881,9,11.8138,7,3.7093549
CoTeI,0,200,140,198,1.88,2.1,2.66,58.933,127.6,126.9,7.881,9,10.451,7,5.4017982
CoO2,0,200,60,60,1.88,3.44,3.44,58.933,16,16,7.881,13.618,13.618,7,4.7126765
CoSO,0,200,100,60,1.88,2.58,3.44,58.933,32.06,16,7.881,10.36,13.618,7,3.8848004
CoSeO,0,200,120,60,1.88,2.55,3.44,58.933,78.96,16,7.881,9.7524,13.618,7,4.290153
CoTeO,0,200,140,60,1.88,2.1,3.44,58.933,127.6,16,7.881,9,13.618,7,4.5532565
CoClO,0,200,175,60,1.88,3.16,3.44,58.933,35.453,16,7.881,12.968,13.618,7,4.13328
CoBrO,0,200,185,60,1.88,2.96,3.44,58.933,79.904,16,7.881,11.8138,13.618,7,5.312811
CoIO,0,200,198,60,1.88,2.66,3.44,58.933,126.9,16,7.881,10.451,13.618,7,5.156812
NiS2,0,163,100,100,1.91,2.58,2.58,58.693,32.06,32.06,7.64,10.36,10.36,8,4.0386477
NiSe2,0,163,120,120,1.91,2.55,2.55,58.693,78.96,78.96,7.64,9.7524,9.7524,8,4.2517643
NiTe2,0,163,140,140,1.91,2.1,2.1,58.693,127.6,127.6,7.64,9,9,8,3.5069113
NiSSe,0,163,100,120,1.91,2.58,2.55,58.693,32.06,78.96,7.64,10.36,9.7524,8,4.08559
NiSTe,0,163,100,140,1.91,2.58,2.1,58.693,32.06,127.6,7.64,10.36,9,8,4.534975
NiSeTe,0,163,120,140,1.91,2.55,2.1,58.693,78.96,127.6,7.64,9.7524,9,8,3.456474
NiI2,0,163,198,198,1.91,2.66,2.66,58.693,126.9,126.9,7.64,10.451,10.451,8,4.968207
NiBr2,0,163,185,185,1.91,2.96,2.96,58.693,79.904,79.904,7.64,11.8138,11.8138,8,5.2626853
NiCl2,0,163,175,175,1.91,3.16,3.16,58.693,35.453,35.453,7.64,12.968,12.968,8,4.9471593
NiClBr,0,163,175,185,1.91,3.16,2.96,58.693,35.453,79.904,7.64,12.968,11.8138,8,5.9420166
NiClI,0,163,175,198,1.91,3.16,2.66,58.693,35.453,126.9,7.64,12.968,10.451,8,5.1063776
NiBrI,0,163,185,198,1.91,2.96,2.66,58.693,79.904,126.9,7.64,11.8138,10.451,8,4.9537053
NiSCl,0,163,100,175,1.91,2.58,3.16,58.693,32.06,35.453,7.64,10.36,12.968,8,3.677248
NiSBr,0,163,100,185,1.91,2.58,2.96,58.693,32.06,79.904,7.64,10.36,11.8138,8,4.5093193
NiSI,0,163,100,198,1.91,2.58,2.66,58.693,32.06,126.9,7.64,10.36,10.451,8,4.591574
NiSeCl,0,163,120,175,1.91,2.55,3.16,58.693,78.96,35.453,7.64,9.7524,12.968,8,5.6229634
NiSeBr,0,163,120,185,1.91,2.55,2.96,58.693,78.96,79.904,7.64,9.7524,11.8138,8,6.125355
NiSeI,0,163,120,198,1.91,2.55,2.66,58.693,78.96,126.9,7.64,9.7524,10.451,8,6.582378
NiTeCl,0,163,140,175,1.91,2.1,3.16,58.693,127.6,35.453,7.64,9,12.968,8,4.033982
NiTeBr,0,163,140,185,1.91,2.1,2.96,58.693,127.6,79.904,7.64,9,11.8138,8,4.3462286
NiTeI,0,163,140,198,1.91,2.1,2.66,58.693,127.6,126.9,7.64,9,10.451,8,6.5326138
NiO2,0,163,60,60,1.91,3.44,3.44,58.693,16,16,7.64,13.618,13.618,8,4.555799
NiSO,0,163,100,60,1.91,2.58,3.44,58.693,32.06,16,7.64,10.36,13.618,8,3.8154314
NiSeO,0,163,120,60,1.91,2.55,3.44,58.693,78.96,16,7.64,9.7524,13.618,8,4.387444
NiTeO,0,163,140,60,1.91,2.1,3.44,58.693,127.6,16,7.64,9,13.618,8,4.468334
NiClO,0,163,175,60,1.91,3.16,3.44,58.693,35.453,16,7.64,12.968,13.618,8,4.179254
NiBrO,0,163,185,60,1.91,2.96,3.44,58.693,79.904,16,7.64,11.8138,13.618,8,5.303917
NiIO,0,163,198,60,1.91,2.66,3.44,58.693,126.9,16,7.64,10.451,13.618,8,5.076394
NbS2,0,215,100,100,1.6,2.58,2.58,92.906,32.06,32.06,6.7589,10.36,10.36,4,2.8622828
NbSe2,0,215,120,120,1.6,2.55,2.55,92.906,78.96,78.96,6.7589,9.7524,9.7524,4,2.8535502
NbTe2,0,215,140,140,1.6,2.1,2.1,92.906,127.6,127.6,6.7589,9,9,4,2.7635689
NbSSe,0,215,100,120,1.6,2.58,2.55,92.906,32.06,78.96,6.7589,10.36,9.7524,4,2.7372723
NbSTe,0,215,100,140,1.6,2.58,2.1,92.906,32.06,127.6,6.7589,10.36,9,4,3.428025
NbSeTe,0,215,120,140,1.6,2.55,2.1,92.906,78.96,127.6,6.7589,9.7524,9,4,2.6869276
NbI2,0,215,198,198,1.6,2.66,2.66,92.906,126.9,126.9,6.7589,10.451,10.451,4,3.400948
NbBr2,0,215,185,185,1.6,2.96,2.96,92.906,79.904,79.904,6.7589,11.8138,11.8138,4,3.219373
NbCl2,0,215,175,175,1.6,3.16,3.16,92.906,35.453,35.453,6.7589,12.968,12.968,4,3.0388832
NbClBr,0,215,175,185,1.6,3.16,2.96,92.906,35.453,79.904,6.7589,12.968,11.8138,4,3.0684707
NbClI,0,215,175,198,1.6,3.16,2.66,92.906,35.453,126.9,6.7589,12.968,10.451,4,3.0435634
NbBrI,0,215,185,198,1.6,2.96,2.66,92.906,79.904,126.9,6.7589,11.8138,10.451,4,2.9709065
NbSCl,0,215,100,175,1.6,2.58,3.16,92.906,32.06,35.453,6.7589,10.36,12.968,4,3.3059273
NbSBr,0,215,100,185,1.6,2.58,2.96,92.906,32.06,79.904,6.7589,10.36,11.8138,4,3.3268495
NbSI,0,215,100,198,1.6,2.58,2.66,92.906,32.06,126.9,6.7589,10.36,10.451,4,3.1795428
NbSeCl,0,215,120,175,1.6,2.55,3.16,92.906,78.96,35.453,6.7589,9.7524,12.968,4,3.191544
NbSeBr,0,215,120,185,1.6,2.55,2.96,92.906,78.96,79.904,6.7589,9.7524,11.8138,4,3.0811706
NbSeI,0,215,120,198,1.6,2.55,2.66,92.906,78.96,126.9,6.7589,9.7524,10.451,4,3.310383
NbTeCl,0,215,140,175,1.6,2.1,3.16,92.906,127.6,35.453,6.7589,9,12.968,4,3.4335568
NbTeBr,0,215,140,185,1.6,2.1,2.96,92.906,127.6,79.904,6.7589,9,11.8138,4,3.4358363
NbTeI,0,215,140,198,1.6,2.1,2.66,92.906,127.6,126.9,6.7589,9,10.451,4,3.612817
NbO2,0,215,60,60,1.6,3.44,3.44,92.906,16,16,6.7589,13.618,13.618,4,3.462979
NbSO,0,215,100,60,1.6,2.58,3.44,92.906,32.06,16,6.7589,10.36,13.618,4,2.719763
NbSeO,0,215,120,60,1.6,2.55,3.44,92.906,78.96,16,6.7589,9.7524,13.618,4,2.7622712
NbTeO,0,215,140,60,1.6,2.1,3.44,92.906,127.6,16,6.7589,9,13.618,4,3.718226
NbClO,0,215,175,60,1.6,3.16,3.44,92.906,35.453,16,6.7589,12.968,13.618,4,2.9245617
NbBrO,0,215,185,60,1.6,2.96,3.44,92.906,79.904,16,6.7589,11.8138,13.618,4,3.4667087
NbIO,0,215,198,60,1.6,2.66,3.44,92.906,126.9,16,6.7589,10.451,13.618,4,4.389184
