Name,e1,e2,e3,R1,R2,R3,El1,El2,El3,M1,M2,M3,Ei1,Ei2,Ei3,ph
VS2,5,6,6,205,100,100,1.63,2.58,2.58,50.94,32.06,32.06,6.7462,10.36,10.36,1
VSe2,5,6,6,205,120,120,1.63,2.55,2.55,50.94,78.96,78.96,6.7462,9.7524,9.7524,1
VSSe,5,6,6,205,100,120,1.63,2.58,2.55,50.94,32.06,78.96,6.7462,10.36,9.7524,1
VO2,5,6,6,205,60,60,1.63,3.44,3.44,50.94,16,16,6.7462,13.618,13.618,0
VSI,5,6,7,205,100,198,1.63,2.58,2.66,50.94,32.06,126.9,6.7462,10.36,10.451,0
VSeCl,5,6,7,205,120,175,1.63,2.55,3.16,50.94,78.96,35.453,6.7462,9.7524,12.968,0
VSeBr,5,6,7,205,120,185,1.63,2.55,2.96,50.94,78.96,79.904,6.7462,9.7524,11.8138,0
VTe2,5,6,6,205,140,140,1.63,2.1,2.1,50.94,127.6,127.6,6.7462,9,9,0
VSTe,5,6,6,205,100,140,1.63,2.58,2.1,50.94,32.06,127.6,6.7462,10.36,9,1
VSeTe,5,6,6,205,120,140,1.63,2.55,2.1,50.94,78.96,127.6,6.7462,9.7524,9,0
VTe2,5,6,6,205,140,140,1.63,2.1,2.1,50.94,127.6,127.6,6.7462,9,9,0
MnSe2,7,6,6,127,120,120,1.55,2.55,2.55,54.938,78.96,78.96,7.434,9.7524,9.7524,0
MnS2,7,6,6,127,100,100,1.55,2.58,2.58,54.938,32.06,32.06,7.434,10.36,10.36,0
MnSSe,7,6,6,127,100,120,1.55,2.58,2.55,54.938,32.06,78.96,7.434,10.36,9.7524,0
MnSeTe,7,6,6,127,120,140,1.55,2.55,2.1,54.938,78.96,127.6,7.434,9.7524,9,0
MnSeO,7,2,6,127,120,60,1.55,2.55,3.44,54.938,78.96,16,7.434,9.7524,13.618,0
MnO2,7,6,6,127,60,60,1.55,3.44,3.44,54.938,16,16,7.434,13.618,13.618,0
MnSCl,7,6,7,127,100,175,1.55,2.58,3.16,54.938,32.06,35.453,7.434,10.36,12.968,0
MnTeO,7,6,6,127,140,60,1.55,2.1,3.44,54.938,127.6,16,7.434,9,13.618,1
MnTeCl,7,6,7,127,140,175,1.55,2.1,3.16,54.938,127.6,35.453,7.434,9,12.968,0
CrSeTe,6,6,6,200,120,140,1.66,2.55,2.1,52,78.96,127.6,6.7665,9.7524,9,0
CrSeCl,6,6,7,200,120,175,1.66,2.55,3.16,52,78.96,35.453,6.7665,9.7524,12.968,0
CrSeBr,6,6,7,200,120,185,1.66,2.55,2.96,52,78.96,79.904,6.7665,9.7524,11.8138,0
CrTeCl,6,6,7,200,140,175,1.66,2.1,3.16,52,127.6,35.453,6.7665,9,12.968,0
CrBr2,6,7,7,200,185,185,1.66,2.96,2.96,52,79.904,79.904,6.7665,11.8138,11.8138,0
CrBrI,6,7,7,200,185,198,1.66,2.96,2.66,52,79.904,126.9,6.7665,11.8138,10.451,0
CrTeO,6,6,6,200,140,60,1.66,2.1,3.44,52,127.6,16,6.7665,9,13.618,0
FeSBr,8,6,7,126,100,185,1.83,2.58,2.96,55.845,32.06,79.904,7.902,10.36,11.8138,1
FeBr2,8,7,7,126,185,185,1.83,2.96,2.96,55.845,79.904,79.904,7.902,11.8138,11.8138,1
FeSTe,8,6,6,126,100,140,1.83,2.58,2.1,55.845,32.06,127.6,7.902,10.36,9,0
FeSeO,8,6,6,126,120,60,1.83,2.55,3.44,55.845,78.96,16,7.902,9.7524,13.618,0
FeSeBr,8,6,6,126,120,185,1.83,2.55,2.96,55.845,78.96,79.904,7.902,9.7524,11.8138,1
FeBrCl,8,7,7,126,185,175,1.83,2.96,3.16,55.845,79.904,35.453,7.902,11.8138,12.968,1
FeClO,8,7,6,126,175,60,1.83,3.16,3.44,55.845,35.453,16,7.902,12.968,13.618,0
FeO2,8,6,6,126,60,60,1.83,3.44,3.44,55.845,16,16,7.902,13.618,13.618,0
FeSO,8,6,6,126,100,60,1.83,2.58,3.44,55.845,32.06,16,7.902,10.36,13.618,0
FeS2,8,6,6,126,100,100,1.83,2.58,2.58,55.845,32.06,32.06,7.902,10.36,10.36,1
CoClBr,9,7,7,200,175,185,1.88,3.16,2.96,58.933,35.453,79.904,7.881,12.968,11.8138,0
CoSTe,9,6,6,200,100,140,1.88,2.58,2.1,58.933,32.06,127.6,7.881,10.36,9,0
CoTeO,9,6,6,200,140,60,1.88,2.1,3.44,58.933,127.6,16,7.881,9,13.618,0
CoO2,9,6,6,200,60,60,1.88,3.44,3.44,58.933,16,16,7.881,13.618,13.618,0
CoBr2,9,7,7,200,185,185,1.88,2.96,2.96,58.933,79.904,79.904,7.881,11.8138,11.8138,0
CoSeI,9,6,7,200,120,198,1.88,2.55,2.66,58.933,78.96,126.9,7.881,9.7524,10.451,0
CoCl2,9,7,7,200,175,175,1.88,3.16,3.16,58.933,35.453,35.453,7.881,12.968,12.968,0
CoSSe,9,6,6,200,100,120,1.88,2.58,2.55,58.933,32.06,78.96,7.881,10.36,9.7524,1
CoBrO,9,7,6,200,185,60,1.88,2.96,3.44,58.933,79.904,16,7.881,11.8138,13.618,0
CoTe2,9,6,6,200,140,140,1.88,2.1,2.1,58.933,127.6,127.6,7.881,9,9,0
NiSeCl,10,6,7,163,120,175,1.91,2.55,3.16,58.693,78.96,35.453,7.64,9.7524,12.968,0
NiSBr,10,6,7,163,100,185,1.91,2.58,2.96,58.693,32.06,79.904,7.64,10.36,11.8138,0
NiSeBr,10,6,7,163,120,185,1.91,2.55,2.96,58.693,78.96,79.904,7.64,9.7524,11.8138,0
NiS2,10,6,6,163,100,100,1.91,2.58,2.58,58.693,32.06,32.06,7.64,10.36,10.36,0
NiSe2,10,6,6,163,120,120,1.91,2.55,2.55,58.693,78.96,78.96,7.64,9.7524,9.7524,0
NiSI,10,6,7,163,100,198,1.91,2.58,2.66,58.693,32.06,126.9,7.64,10.36,10.451,0
NiBr2,10,7,7,163,185,185,1.91,2.96,2.96,58.693,79.904,79.904,7.64,11.8138,11.8138,0
NiClBr,10,7,7,163,175,185,1.91,3.16,2.96,58.693,35.453,79.904,7.64,12.968,11.8138,0
NiBrO,10,7,6,163,185,60,1.91,2.96,3.44,58.693,79.904,16,7.64,11.8138,13.618,1
NiSTe,10,6,6,163,100,140,1.91,2.58,2.1,58.693,32.06,127.6,7.64,10.36,9,0
NiSCl,10,6,7,163,100,175,1.91,2.58,3.16,58.693,32.06,35.453,7.64,10.36,12.968,0
NiO2,10,6,6,163,60,60,1.91,3.44,3.44,58.693,16,16,7.64,13.618,13.618,1
NiSeTe,10,6,6,163,120,140,1.91,2.55,2.1,58.693,78.96,127.6,7.64,9.7524,9,0
NiBrO,10,7,6,163,185,60,1.91,2.96,3.44,58.693,79.904,16,7.64,11.8138,13.618,0
NiSeI,10,6,7,163,120,198,1.91,2.55,2.66,58.693,78.96,126.9,7.64,9.7524,10.451,0
NiTeI,10,6,7,163,140,198,1.91,2.1,2.66,58.693,127.6,126.9,7.64,9,10.451,0
NbS2,6,6,6,215,100,100,1.6,2.58,2.58,92.906,32.06,32.06,6.7589,11.8138,11.8138,1
NbSSe,6,6,6,215,100,120,1.6,2.58,2.55,92.906,32.06,78.96,6.7589,11.8138,13.618,1
NbCl2,6,7,7,215,175,175,1.6,3.16,3.16,92.906,35.453,35.453,6.7589,12.968,12.968,1
NbBrI,6,7,7,215,185,198,1.6,2.96,2.66,92.906,79.904,126.9,6.7589,11.8138,10.451,0
NbSeO,6,6,6,215,120,60,1.6,2.55,3.44,92.906,78.96,16,6.7589,9.7524,13.618,1
NbTe2,6,6,6,215,140,140,1.6,2.1,2.1,92.906,127.6,127.6,6.7589,9,9,1
NbSTe,6,6,6,215,100,140,1.6,2.58,2.1,92.906,32.06,127.6,6.7589,10.36,9,1
NbSI,6,6,7,215,100,198,1.6,2.58,2.66,92.906,32.06,126.9,6.7589,10.36,10.451,1
NbSCl,6,6,7,215,100,175,1.6,2.58,3.16,92.906,32.06,35.453,6.7589,10.36,12.968,1
NbSeCl,6,6,7,215,120,175,1.6,2.55,3.16,92.906,78.96,35.453,6.7589,9.7524,12.968,1
