Name,e1,e2,e3,R1,R2,R3,El1,El2,El3,M1,M2,M3,Ei1,Ei2,Ei3
VS2,5,6,6,205,100,100,1.63,2.58,2.58,50.94,32.06,32.06,6.7462,10.36,10.36
VSe2,5,6,6,205,120,120,1.63,2.55,2.55,50.94,78.96,78.96,6.7462,9.7524,9.7524
VTe2,5,6,6,205,140,140,1.63,2.1,2.1,50.94,127.6,127.6,6.7462,9,9
VSSe,5,6,6,205,100,120,1.63,2.58,2.55,50.94,32.06,78.96,6.7462,10.36,9.7524
VSTe,5,6,6,205,100,140,1.63,2.58,2.1,50.94,32.06,127.6,6.7462,10.36,9
VSeTe,5,6,6,205,120,140,1.63,2.55,2.1,50.94,78.96,127.6,6.7462,9.7524,9
VI2,5,7,7,205,198,198,1.63,2.66,2.66,50.94,126.9,126.9,6.7462,10.451,10.451
VBr2,5,7,7,205,185,185,1.63,2.96,2.96,50.94,79.904,79.904,6.7462,11.8138,11.8138
VCl2,5,7,7,205,175,175,1.63,3.16,3.16,50.94,35.453,35.453,6.7462,12.968,12.968
VClBr,5,7,7,205,175,185,1.63,3.16,2.96,50.94,35.453,79.904,6.7462,12.968,11.8138
VClI,5,7,7,205,175,198,1.63,3.16,2.66,50.94,35.453,126.9,6.7462,12.968,10.451
VBrI,5,7,7,205,185,198,1.63,2.96,2.66,50.94,79.904,126.9,6.7462,11.8138,10.451
VSCl,5,6,7,205,100,175,1.63,2.58,3.16,50.94,32.06,35.453,6.7462,10.36,12.968
VSBr,5,6,7,205,100,185,1.63,2.58,2.96,50.94,32.06,79.904,6.7462,10.36,11.8138
VSI,5,6,7,205,100,198,1.63,2.58,2.66,50.94,32.06,126.9,6.7462,10.36,10.451
VSeCl,5,6,7,205,120,175,1.63,2.55,3.16,50.94,78.96,35.453,6.7462,9.7524,12.968
VSeBr,5,6,7,205,120,185,1.63,2.55,2.96,50.94,78.96,79.904,6.7462,9.7524,11.8138
VSeI,5,6,7,205,120,198,1.63,2.55,2.66,50.94,78.96,126.9,6.7462,9.7524,10.451
VTeCl,5,6,7,205,140,175,1.63,2.1,3.16,50.94,127.6,35.453,6.7462,9,12.968
VTeBr,5,6,7,205,140,185,1.63,2.1,2.96,50.94,127.6,79.904,6.7462,9,11.8138
VTeI,5,6,7,205,140,198,1.63,2.1,2.66,50.94,127.6,126.9,6.7462,9,10.451
VO2,5,6,6,205,60,60,1.63,3.44,3.44,50.94,16,16,6.7462,13.618,13.618
VSO,5,6,6,205,100,60,1.63,2.58,3.44,50.94,32.06,16,6.7462,10.36,13.618
VSeO,5,6,6,205,120,60,1.63,2.55,3.44,50.94,78.96,16,6.7462,9.7524,13.618
VTeO,5,6,6,205,140,60,1.63,2.1,3.44,50.94,127.6,16,6.7462,9,13.618
VClO,5,7,6,205,175,60,1.63,3.16,3.44,50.94,35.453,16,6.7462,12.968,13.618
VBrO,5,7,6,205,185,60,1.63,2.96,3.44,50.94,79.904,16,6.7462,11.8138,13.618
VIO,5,7,6,205,198,60,1.63,2.66,3.44,50.94,126.9,16,6.7462,10.451,13.618
MnS2,7,6,6,127,100,100,1.55,2.58,2.58,54.938,32.06,32.06,7.434,10.36,10.36
MnSe2,7,6,6,127,120,120,1.55,2.55,2.55,54.938,78.96,78.96,7.434,9.7524,9.7524
MnTe2,7,6,6,127,140,140,1.55,2.1,2.1,54.938,127.6,127.6,7.434,9,9
MnSSe,7,6,6,127,100,120,1.55,2.58,2.55,54.938,32.06,78.96,7.434,10.36,9.7524
MnSTe,7,6,6,127,100,140,1.55,2.58,2.1,54.938,32.06,127.6,7.434,10.36,9
MnSeTe,7,6,6,127,120,140,1.55,2.55,2.1,54.938,78.96,127.6,7.434,9.7524,9
MnI2,7,7,7,127,198,198,1.55,2.66,2.66,54.938,126.9,126.9,7.434,10.451,10.451
MnBr2,7,7,7,127,185,185,1.55,2.96,2.96,54.938,79.904,79.904,7.434,11.8138,11.8138
MnCl2,7,7,7,127,175,175,1.55,3.16,3.16,54.938,35.453,35.453,7.434,12.968,12.968
MnClBr,7,7,7,127,175,185,1.55,3.16,2.96,54.938,35.453,79.904,7.434,12.968,11.8138
MnClI,7,7,7,127,175,198,1.55,3.16,2.66,54.938,35.453,126.9,7.434,12.968,10.451
MnBrI,7,7,7,127,185,198,1.55,2.96,2.66,54.938,79.904,126.9,7.434,11.8138,10.451
MnSCl,7,6,7,127,100,175,1.55,2.58,3.16,54.938,32.06,35.453,7.434,10.36,12.968
MnSBr,7,6,7,127,100,185,1.55,2.58,2.96,54.938,32.06,79.904,7.434,10.36,11.8138
MnSI,7,6,7,127,100,198,1.55,2.58,2.66,54.938,32.06,126.9,7.434,10.36,10.451
MnSeCl,7,6,7,127,120,175,1.55,2.55,3.16,54.938,78.96,35.453,7.434,9.7524,12.968
MnSeBr,7,6,7,127,120,185,1.55,2.55,2.96,54.938,78.96,79.904,7.434,9.7524,11.8138
MnSeI,7,6,7,127,120,198,1.55,2.55,2.66,54.938,78.96,126.9,7.434,9.7524,10.451
MnTeCl,7,6,7,127,140,175,1.55,2.1,3.16,54.938,127.6,35.453,7.434,9,12.968
MnTeBr,7,6,7,127,140,185,1.55,2.1,2.96,54.938,127.6,79.904,7.434,9,11.8138
MnTeI,7,6,7,127,140,198,1.55,2.1,2.66,54.938,127.6,126.9,7.434,9,10.451
MnO2,7,6,6,127,60,60,1.55,3.44,3.44,54.938,16,16,7.434,13.618,13.618
MnSO,7,6,6,127,100,60,1.55,2.58,3.44,54.938,32.06,16,7.434,10.36,13.618
MnSeO,7,6,6,127,120,60,1.55,2.55,3.44,54.938,78.96,16,7.434,9.7524,13.618
MnTeO,7,6,6,127,140,60,1.55,2.1,3.44,54.938,127.6,16,7.434,9,13.618
MnClO,7,7,6,127,175,60,1.55,3.16,3.44,54.938,35.453,16,7.434,12.968,13.618
MnBrO,7,7,6,127,185,60,1.55,2.96,3.44,54.938,79.904,16,7.434,11.8138,13.618
MnIO,7,7,6,127,198,60,1.55,2.66,3.44,54.938,126.9,16,7.434,10.451,13.618
CrS2,6,6,6,200,100,100,1.66,2.58,2.58,52,32.06,32.06,6.7665,10.36,10.36
CrSe2,6,6,6,200,120,120,1.66,2.55,2.55,52,78.96,78.96,6.7665,9.7524,9.7524
CrTe2,6,6,6,200,140,140,1.66,2.1,2.1,52,127.6,127.6,6.7665,9,9
CrSSe,6,6,6,200,100,120,1.66,2.58,2.55,52,32.06,78.96,6.7665,10.36,9.7524
CrSTe,6,6,6,200,100,140,1.66,2.58,2.1,52,32.06,127.6,6.7665,10.36,9
CrSeTe,6,6,6,200,120,140,1.66,2.55,2.1,52,78.96,127.6,6.7665,9.7524,9
CrI2,6,7,7,200,198,198,1.66,2.66,2.66,52,126.9,126.9,6.7665,10.451,10.451
CrBr2,6,7,7,200,185,185,1.66,2.96,2.96,52,79.904,79.904,6.7665,11.8138,11.8138
CrCl2,6,7,7,200,175,175,1.66,3.16,3.16,52,35.453,35.453,6.7665,12.968,12.968
CrClBr,6,7,7,200,175,185,1.66,3.16,2.96,52,35.453,79.904,6.7665,12.968,11.8138
CrClI,6,7,7,200,175,198,1.66,3.16,2.66,52,35.453,126.9,6.7665,12.968,10.451
CrBrI,6,7,7,200,185,198,1.66,2.96,2.66,52,79.904,126.9,6.7665,11.8138,10.451
CrSCl,6,6,7,200,100,175,1.66,2.58,3.16,52,32.06,35.453,6.7665,10.36,12.968
CrSBr,6,6,7,200,100,185,1.66,2.58,2.96,52,32.06,79.904,6.7665,10.36,11.8138
CrSI,6,6,7,200,100,198,1.66,2.58,2.66,52,32.06,126.9,6.7665,10.36,10.451
CrSeCl,6,6,7,200,120,175,1.66,2.55,3.16,52,78.96,35.453,6.7665,9.7524,12.968
CrSeBr,6,6,7,200,120,185,1.66,2.55,2.96,52,78.96,79.904,6.7665,9.7524,11.8138
CrSeI,6,6,7,200,120,198,1.66,2.55,2.66,52,78.96,126.9,6.7665,9.7524,10.451
CrTeCl,6,6,7,200,140,175,1.66,2.1,3.16,52,127.6,35.453,6.7665,9,12.968
CrTeBr,6,6,7,200,140,185,1.66,2.1,2.96,52,127.6,79.904,6.7665,9,11.8138
CrTeI,6,6,7,200,140,198,1.66,2.1,2.66,52,127.6,126.9,6.7665,9,10.451
CrO2,6,6,6,200,60,60,1.66,3.44,3.44,52,16,16,6.7665,13.618,13.618
CrSO,6,6,6,200,100,60,1.66,2.58,3.44,52,32.06,16,6.7665,10.36,13.618
CrSeO,6,6,6,200,120,60,1.66,2.55,3.44,52,78.96,16,6.7665,9.7524,13.618
CrTeO,6,6,6,200,140,60,1.66,2.1,3.44,52,127.6,16,6.7665,9,13.618
CrClO,6,7,6,200,175,60,1.66,3.16,3.44,52,35.453,16,6.7665,12.968,13.618
CrBrO,6,7,6,200,185,60,1.66,2.96,3.44,52,79.904,16,6.7665,11.8138,13.618
CrIO,6,7,6,200,198,60,1.66,2.66,3.44,52,126.9,16,6.7665,10.451,13.618
FeS2,8,6,6,126,100,100,1.83,2.58,2.58,55.845,32.06,32.06,7.902,10.36,10.36
FeSe2,8,6,6,126,120,120,1.83,2.55,2.55,55.845,78.96,78.96,7.902,9.7524,9.7524
FeTe2,8,6,6,126,140,140,1.83,2.1,2.1,55.845,127.6,127.6,7.902,9,9
FeSSe,8,6,6,126,100,120,1.83,2.58,2.55,55.845,32.06,78.96,7.902,10.36,9.7524
FeSTe,8,6,6,126,100,140,1.83,2.58,2.1,55.845,32.06,127.6,7.902,10.36,9
FeSeTe,8,6,6,126,120,140,1.83,2.55,2.1,55.845,78.96,127.6,7.902,9.7524,9
FeI2,8,7,7,126,198,198,1.83,2.66,2.66,55.845,126.9,126.9,7.902,10.451,10.451
2-Feb,8,7,7,126,185,185,1.83,2.96,2.96,55.845,79.904,79.904,7.902,11.8138,11.8138
FeCl2,8,7,7,126,175,175,1.83,3.16,3.16,55.845,35.453,35.453,7.902,12.968,12.968
FeClBr,8,7,7,126,175,185,1.83,3.16,2.96,55.845,35.453,79.904,7.902,12.968,11.8138
FeClI,8,7,7,126,175,198,1.83,3.16,2.66,55.845,35.453,126.9,7.902,12.968,10.451
FeBrI,8,7,7,126,185,198,1.83,2.96,2.66,55.845,79.904,126.9,7.902,11.8138,10.451
FeSCl,8,6,7,126,100,175,1.83,2.58,3.16,55.845,32.06,35.453,7.902,10.36,12.968
FeSBr,8,6,7,126,100,185,1.83,2.58,2.96,55.845,32.06,79.904,7.902,10.36,11.8138
FeSI,8,6,7,126,100,198,1.83,2.58,2.66,55.845,32.06,126.9,7.902,10.36,10.451
FeSeCl,8,6,7,126,120,175,1.83,2.55,3.16,55.845,78.96,35.453,7.902,9.7524,12.968
FeSeBr,8,6,7,126,120,185,1.83,2.55,2.96,55.845,78.96,79.904,7.902,9.7524,11.8138
FeSeI,8,6,7,126,120,198,1.83,2.55,2.66,55.845,78.96,126.9,7.902,9.7524,10.451
FeTeCl,8,6,7,126,140,175,1.83,2.1,3.16,55.845,127.6,35.453,7.902,9,12.968
FeTeBr,8,6,7,126,140,185,1.83,2.1,2.96,55.845,127.6,79.904,7.902,9,11.8138
FeTeI,8,6,7,126,140,198,1.83,2.1,2.66,55.845,127.6,126.9,7.902,9,10.451
FeO2,8,6,6,126,60,60,1.83,3.44,3.44,55.845,16,16,7.902,13.618,13.618
FeSO,8,6,6,126,100,60,1.83,2.58,3.44,55.845,32.06,16,7.902,10.36,13.618
FeSeO,8,6,6,126,120,60,1.83,2.55,3.44,55.845,78.96,16,7.902,9.7524,13.618
FeTeO,8,6,6,126,140,60,1.83,2.1,3.44,55.845,127.6,16,7.902,9,13.618
FeClO,8,7,6,126,175,60,1.83,3.16,3.44,55.845,35.453,16,7.902,12.968,13.618
FeBrO,8,7,6,126,185,60,1.83,2.96,3.44,55.845,79.904,16,7.902,11.8138,13.618
FeIO,8,7,6,126,198,60,1.83,2.66,3.44,55.845,126.9,16,7.902,10.451,13.618
CoS2,9,6,6,200,100,100,1.88,2.58,2.58,58.933,32.06,32.06,7.881,10.36,10.36
CoSe2,9,6,6,200,120,120,1.88,2.55,2.55,58.933,78.96,78.96,7.881,9.7524,9.7524
CoTe2,9,6,6,200,140,140,1.88,2.1,2.1,58.933,127.6,127.6,7.881,9,9
CoSSe,9,6,6,200,100,120,1.88,2.58,2.55,58.933,32.06,78.96,7.881,10.36,9.7524
CoSTe,9,6,6,200,100,140,1.88,2.58,2.1,58.933,32.06,127.6,7.881,10.36,9
CoSeTe,9,6,6,200,120,140,1.88,2.55,2.1,58.933,78.96,127.6,7.881,9.7524,9
CoI2,9,7,7,200,198,198,1.88,2.66,2.66,58.933,126.9,126.9,7.881,10.451,10.451
CoBr2,9,7,7,200,185,185,1.88,2.96,2.96,58.933,79.904,79.904,7.881,11.8138,11.8138
CoCl2,9,7,7,200,175,175,1.88,3.16,3.16,58.933,35.453,35.453,7.881,12.968,12.968
CoClBr,9,7,7,200,175,185,1.88,3.16,2.96,58.933,35.453,79.904,7.881,12.968,11.8138
CoClI,9,7,7,200,175,198,1.88,3.16,2.66,58.933,35.453,126.9,7.881,12.968,10.451
CoBrI,9,7,7,200,185,198,1.88,2.96,2.66,58.933,79.904,126.9,7.881,11.8138,10.451
CoSCl,9,6,7,200,100,175,1.88,2.58,3.16,58.933,32.06,35.453,7.881,10.36,12.968
CoSBr,9,6,7,200,100,185,1.88,2.58,2.96,58.933,32.06,79.904,7.881,10.36,11.8138
CoSI,9,6,7,200,100,198,1.88,2.58,2.66,58.933,32.06,126.9,7.881,10.36,10.451
CoSeCl,9,6,7,200,120,175,1.88,2.55,3.16,58.933,78.96,35.453,7.881,9.7524,12.968
CoSeBr,9,6,7,200,120,185,1.88,2.55,2.96,58.933,78.96,79.904,7.881,9.7524,11.8138
CoSeI,9,6,7,200,120,198,1.88,2.55,2.66,58.933,78.96,126.9,7.881,9.7524,10.451
CoTeCl,9,6,7,200,140,175,1.88,2.1,3.16,58.933,127.6,35.453,7.881,9,12.968
CoTeBr,9,6,7,200,140,185,1.88,2.1,2.96,58.933,127.6,79.904,7.881,9,11.8138
CoTeI,9,6,7,200,140,198,1.88,2.1,2.66,58.933,127.6,126.9,7.881,9,10.451
CoO2,9,6,6,200,60,60,1.88,3.44,3.44,58.933,16,16,7.881,13.618,13.618
CoSO,9,6,6,200,100,60,1.88,2.58,3.44,58.933,32.06,16,7.881,10.36,13.618
CoSeO,9,6,6,200,120,60,1.88,2.55,3.44,58.933,78.96,16,7.881,9.7524,13.618
CoTeO,9,6,6,200,140,60,1.88,2.1,3.44,58.933,127.6,16,7.881,9,13.618
CoClO,9,7,6,200,175,60,1.88,3.16,3.44,58.933,35.453,16,7.881,12.968,13.618
CoBrO,9,7,6,200,185,60,1.88,2.96,3.44,58.933,79.904,16,7.881,11.8138,13.618
CoIO,9,7,6,200,198,60,1.88,2.66,3.44,58.933,126.9,16,7.881,10.451,13.618
NiS2,10,6,6,163,100,100,1.91,2.58,2.58,58.693,32.06,32.06,7.64,10.36,10.36
NiSe2,10,6,6,163,120,120,1.91,2.55,2.55,58.693,78.96,78.96,7.64,9.7524,9.7524
NiTe2,10,6,6,163,140,140,1.91,2.1,2.1,58.693,127.6,127.6,7.64,9,9
NiSSe,10,6,6,163,100,120,1.91,2.58,2.55,58.693,32.06,78.96,7.64,10.36,9.7524
NiSTe,10,6,6,163,100,140,1.91,2.58,2.1,58.693,32.06,127.6,7.64,10.36,9
NiSeTe,10,6,6,163,120,140,1.91,2.55,2.1,58.693,78.96,127.6,7.64,9.7524,9
NiI2,10,7,7,163,198,198,1.91,2.66,2.66,58.693,126.9,126.9,7.64,10.451,10.451
NiBr2,10,7,7,163,185,185,1.91,2.96,2.96,58.693,79.904,79.904,7.64,11.8138,11.8138
NiCl2,10,7,7,163,175,175,1.91,3.16,3.16,58.693,35.453,35.453,7.64,12.968,12.968
NiClBr,10,7,7,163,175,185,1.91,3.16,2.96,58.693,35.453,79.904,7.64,12.968,11.8138
NiClI,10,7,7,163,175,198,1.91,3.16,2.66,58.693,35.453,126.9,7.64,12.968,10.451
NiBrI,10,7,7,163,185,198,1.91,2.96,2.66,58.693,79.904,126.9,7.64,11.8138,10.451
NiSCl,10,6,7,163,100,175,1.91,2.58,3.16,58.693,32.06,35.453,7.64,10.36,12.968
NiSBr,10,6,7,163,100,185,1.91,2.58,2.96,58.693,32.06,79.904,7.64,10.36,11.8138
NiSI,10,6,7,163,100,198,1.91,2.58,2.66,58.693,32.06,126.9,7.64,10.36,10.451
NiSeCl,10,6,7,163,120,175,1.91,2.55,3.16,58.693,78.96,35.453,7.64,9.7524,12.968
NiSeBr,10,6,7,163,120,185,1.91,2.55,2.96,58.693,78.96,79.904,7.64,9.7524,11.8138
NiSeI,10,6,7,163,120,198,1.91,2.55,2.66,58.693,78.96,126.9,7.64,9.7524,10.451
NiTeCl,10,6,7,163,140,175,1.91,2.1,3.16,58.693,127.6,35.453,7.64,9,12.968
NiTeBr,10,6,7,163,140,185,1.91,2.1,2.96,58.693,127.6,79.904,7.64,9,11.8138
NiTeI,10,6,7,163,140,198,1.91,2.1,2.66,58.693,127.6,126.9,7.64,9,10.451
NiO2,10,6,6,163,60,60,1.91,3.44,3.44,58.693,16,16,7.64,13.618,13.618
NiSO,10,6,6,163,100,60,1.91,2.58,3.44,58.693,32.06,16,7.64,10.36,13.618
NiSeO,10,6,6,163,120,60,1.91,2.55,3.44,58.693,78.96,16,7.64,9.7524,13.618
NiTeO,10,6,6,163,140,60,1.91,2.1,3.44,58.693,127.6,16,7.64,9,13.618
NiClO,10,7,6,163,175,60,1.91,3.16,3.44,58.693,35.453,16,7.64,12.968,13.618
NiBrO,10,7,6,163,185,60,1.91,2.96,3.44,58.693,79.904,16,7.64,11.8138,13.618
NiIO,10,7,6,163,198,60,1.91,2.66,3.44,58.693,126.9,16,7.64,10.451,13.618
NbS2,6,6,6,215,100,100,1.6,2.58,2.58,92.906,32.06,32.06,6.7589,10.36,10.36
NbSe2,6,6,6,215,120,120,1.6,2.55,2.55,92.906,78.96,78.96,6.7589,9.7524,9.7524
NbTe2,6,6,6,215,140,140,1.6,2.1,2.1,92.906,127.6,127.6,6.7589,9,9
NbSSe,6,6,6,215,100,120,1.6,2.58,2.55,92.906,32.06,78.96,6.7589,10.36,9.7524
NbSTe,6,6,6,215,100,140,1.6,2.58,2.1,92.906,32.06,127.6,6.7589,10.36,9
NbSeTe,6,6,6,215,120,140,1.6,2.55,2.1,92.906,78.96,127.6,6.7589,9.7524,9
NbI2,6,7,7,215,198,198,1.6,2.66,2.66,92.906,126.9,126.9,6.7589,10.451,10.451
NbBr2,6,7,7,215,185,185,1.6,2.96,2.96,92.906,79.904,79.904,6.7589,11.8138,11.8138
NbCl2,6,7,7,215,175,175,1.6,3.16,3.16,92.906,35.453,35.453,6.7589,12.968,12.968
NbClBr,6,7,7,215,175,185,1.6,3.16,2.96,92.906,35.453,79.904,6.7589,12.968,11.8138
NbClI,6,7,7,215,175,198,1.6,3.16,2.66,92.906,35.453,126.9,6.7589,12.968,10.451
NbBrI,6,7,7,215,185,198,1.6,2.96,2.66,92.906,79.904,126.9,6.7589,11.8138,10.451
NbSCl,6,6,7,215,100,175,1.6,2.58,3.16,92.906,32.06,35.453,6.7589,10.36,12.968
NbSBr,6,6,7,215,100,185,1.6,2.58,2.96,92.906,32.06,79.904,6.7589,10.36,11.8138
NbSI,6,6,7,215,100,198,1.6,2.58,2.66,92.906,32.06,126.9,6.7589,10.36,10.451
NbSeCl,6,6,7,215,120,175,1.6,2.55,3.16,92.906,78.96,35.453,6.7589,9.7524,12.968
NbSeBr,6,6,7,215,120,185,1.6,2.55,2.96,92.906,78.96,79.904,6.7589,9.7524,11.8138
NbSeI,6,6,7,215,120,198,1.6,2.55,2.66,92.906,78.96,126.9,6.7589,9.7524,10.451
NbTeCl,6,6,7,215,140,175,1.6,2.1,3.16,92.906,127.6,35.453,6.7589,9,12.968
NbTeBr,6,6,7,215,140,185,1.6,2.1,2.96,92.906,127.6,79.904,6.7589,9,11.8138
NbTeI,6,6,7,215,140,198,1.6,2.1,2.66,92.906,127.6,126.9,6.7589,9,10.451
NbO2,6,6,6,215,60,60,1.6,3.44,3.44,92.906,16,16,6.7589,13.618,13.618
NbSO,6,6,6,215,100,60,1.6,2.58,3.44,92.906,32.06,16,6.7589,10.36,13.618
NbSeO,6,6,6,215,120,60,1.6,2.55,3.44,92.906,78.96,16,6.7589,9.7524,13.618
NbTeO,6,6,6,215,140,60,1.6,2.1,3.44,92.906,127.6,16,6.7589,9,13.618
NbClO,6,7,6,215,175,60,1.6,3.16,3.44,92.906,35.453,16,6.7589,12.968,13.618
NbBrO,6,7,6,215,185,60,1.6,2.96,3.44,92.906,79.904,16,6.7589,11.8138,13.618
NbIO,6,7,6,215,198,60,1.6,2.66,3.44,92.906,126.9,16,6.7589,10.451,13.618
